Season,Team,Division
2015-2016,Toronto Raptors,Atlantic
2015-2016,Boston Celtics,Atlantic
2015-2016,New York Knicks,Atlantic
2015-2016,Brooklyn Nets,Atlantic
2015-2016,Philadelphia 76ers,Atlantic
2015-2016,Cleveland Cavaliers,Central
2015-2016,Indiana Pacers,Central
2015-2016,Detroit Pistons,Central
2015-2016,Chicago Bulls,Central
2015-2016,Milwaukee Bucks,Central
2015-2016,Miami Heat,Southeast
2015-2016,Charlotte Hornets,Southeast
2015-2016,Atlanta Hawks,Southeast
2015-2016,Washington Wizards,Southeast
2015-2016,Orlando Magic,Southeast
2015-2016,Oklahoma City Thunder,Northwest
2015-2016,Portland Trail Blazers,Northwest
2015-2016,Utah Jazz,Northwest
2015-2016,Denver Nuggets,Northwest
2015-2016,Minnesota Timberwolves,Northwest
2015-2016,Golden State Warriors,Pacific
2015-2016,Los Angeles Clippers,Pacific
2015-2016,Sacramento Kings,Pacific
2015-2016,Phoenix Suns,Pacific
2015-2016,Los Angeles Lakers,Pacific
2015-2016,San Antonio Spurs,Southwest
2015-2016,Memphis Grizzlies,Southwest
2015-2016,Dallas Mavericks,Southwest
2015-2016,Houston Rockets,Southwest
2015-2016,New Orleans Pelicans,Southwest
2014-2015,Toronto Raptors,Atlantic
2014-2015,Boston Celtics,Atlantic
2014-2015,New York Knicks,Atlantic
2014-2015,Brooklyn Nets,Atlantic
2014-2015,Philadelphia 76ers,Atlantic
2014-2015,Cleveland Cavaliers,Central
2014-2015,Indiana Pacers,Central
2014-2015,Detroit Pistons,Central
2014-2015,Chicago Bulls,Central
2014-2015,Milwaukee Bucks,Central
2014-2015,Miami Heat,Southeast
2014-2015,Charlotte Hornets,Southeast
2014-2015,Atlanta Hawks,Southeast
2014-2015,Washington Wizards,Southeast
2014-2015,Orlando Magic,Southeast
2014-2015,Oklahoma City Thunder,Northwest
2014-2015,Portland Trail Blazers,Northwest
2014-2015,Utah Jazz,Northwest
2014-2015,Denver Nuggets,Northwest
2014-2015,Minnesota Timberwolves,Northwest
2014-2015,Golden State Warriors,Pacific
2014-2015,Los Angeles Clippers,Pacific
2014-2015,Sacramento Kings,Pacific
2014-2015,Phoenix Suns,Pacific
2014-2015,Los Angeles Lakers,Pacific
2014-2015,San Antonio Spurs,Southwest
2014-2015,Memphis Grizzlies,Southwest
2014-2015,Dallas Mavericks,Southwest
2014-2015,Houston Rockets,Southwest
2014-2015,New Orleans Pelicans,Southwest
2013-2014,Toronto Raptors,Atlantic
2013-2014,Boston Celtics,Atlantic
2013-2014,New York Knicks,Atlantic
2013-2014,Brooklyn Nets,Atlantic
2013-2014,Philadelphia 76ers,Atlantic
2013-2014,Cleveland Cavaliers,Central
2013-2014,Indiana Pacers,Central
2013-2014,Detroit Pistons,Central
2013-2014,Chicago Bulls,Central
2013-2014,Milwaukee Bucks,Central
2013-2014,Miami Heat,Southeast
2013-2014,Charlotte Bobcats,Southeast
2013-2014,Atlanta Hawks,Southeast
2013-2014,Washington Wizards,Southeast
2013-2014,Orlando Magic,Southeast
2013-2014,Oklahoma City Thunder,Northwest
2013-2014,Portland Trail Blazers,Northwest
2013-2014,Utah Jazz,Northwest
2013-2014,Denver Nuggets,Northwest
2013-2014,Minnesota Timberwolves,Northwest
2013-2014,Golden State Warriors,Pacific
2013-2014,Los Angeles Clippers,Pacific
2013-2014,Sacramento Kings,Pacific
2013-2014,Phoenix Suns,Pacific
2013-2014,Los Angeles Lakers,Pacific
2013-2014,San Antonio Spurs,Southwest
2013-2014,Memphis Grizzlies,Southwest
2013-2014,Dallas Mavericks,Southwest
2013-2014,Houston Rockets,Southwest
2013-2014,New Orleans Pelicans,Southwest
2012-2013,Toronto Raptors,Atlantic
2012-2013,Boston Celtics,Atlantic
2012-2013,New York Knicks,Atlantic
2012-2013,Brooklyn Nets,Atlantic
2012-2013,Philadelphia 76ers,Atlantic
2012-2013,Cleveland Cavaliers,Central
2012-2013,Indiana Pacers,Central
2012-2013,Detroit Pistons,Central
2012-2013,Chicago Bulls,Central
2012-2013,Milwaukee Bucks,Central
2012-2013,Miami Heat,Southeast
2012-2013,Charlotte Bobcats,Southeast
2012-2013,Atlanta Hawks,Southeast
2012-2013,Washington Wizards,Southeast
2012-2013,Orlando Magic,Southeast
2012-2013,Oklahoma City Thunder,Northwest
2012-2013,Portland Trail Blazers,Northwest
2012-2013,Utah Jazz,Northwest
2012-2013,Denver Nuggets,Northwest
2012-2013,Minnesota Timberwolves,Northwest
2012-2013,Golden State Warriors,Pacific
2012-2013,Los Angeles Clippers,Pacific
2012-2013,Sacramento Kings,Pacific
2012-2013,Phoenix Suns,Pacific
2012-2013,Los Angeles Lakers,Pacific
2012-2013,San Antonio Spurs,Southwest
2012-2013,Memphis Grizzlies,Southwest
2012-2013,Dallas Mavericks,Southwest
2012-2013,Houston Rockets,Southwest
2012-2013,New Orleans Hornets,Southwest
2011-2012,Toronto Raptors,Atlantic
2011-2012,Boston Celtics,Atlantic
2011-2012,New York Knicks,Atlantic
2011-2012,New Jersey Nets,Atlantic
2011-2012,Philadelphia 76ers,Atlantic
2011-2012,Cleveland Cavaliers,Central
2011-2012,Indiana Pacers,Central
2011-2012,Detroit Pistons,Central
2011-2012,Chicago Bulls,Central
2011-2012,Milwaukee Bucks,Central
2011-2012,Miami Heat,Southeast
2011-2012,Charlotte Bobcats,Southeast
2011-2012,Atlanta Hawks,Southeast
2011-2012,Washington Wizards,Southeast
2011-2012,Orlando Magic,Southeast
2011-2012,Oklahoma City Thunder,Northwest
2011-2012,Portland Trail Blazers,Northwest
2011-2012,Utah Jazz,Northwest
2011-2012,Denver Nuggets,Northwest
2011-2012,Minnesota Timberwolves,Northwest
2011-2012,Golden State Warriors,Pacific
2011-2012,Los Angeles Clippers,Pacific
2011-2012,Sacramento Kings,Pacific
2011-2012,Phoenix Suns,Pacific
2011-2012,Los Angeles Lakers,Pacific
2011-2012,San Antonio Spurs,Southwest
2011-2012,Memphis Grizzlies,Southwest
2011-2012,Dallas Mavericks,Southwest
2011-2012,Houston Rockets,Southwest
2011-2012,New Orleans Hornets,Southwest
2010-2011,Toronto Raptors,Atlantic
2010-2011,Boston Celtics,Atlantic
2010-2011,New York Knicks,Atlantic
2010-2011,New Jersey Nets,Atlantic
2010-2011,Philadelphia 76ers,Atlantic
2010-2011,Cleveland Cavaliers,Central
2010-2011,Indiana Pacers,Central
2010-2011,Detroit Pistons,Central
2010-2011,Chicago Bulls,Central
2010-2011,Milwaukee Bucks,Central
2010-2011,Miami Heat,Southeast
2010-2011,Charlotte Bobcats,Southeast
2010-2011,Atlanta Hawks,Southeast
2010-2011,Washington Wizards,Southeast
2010-2011,Orlando Magic,Southeast
2010-2011,Oklahoma City Thunder,Northwest
2010-2011,Portland Trail Blazers,Northwest
2010-2011,Utah Jazz,Northwest
2010-2011,Denver Nuggets,Northwest
2010-2011,Minnesota Timberwolves,Northwest
2010-2011,Golden State Warriors,Pacific
2010-2011,Los Angeles Clippers,Pacific
2010-2011,Sacramento Kings,Pacific
2010-2011,Phoenix Suns,Pacific
2010-2011,Los Angeles Lakers,Pacific
2010-2011,San Antonio Spurs,Southwest
2010-2011,Memphis Grizzlies,Southwest
2010-2011,Dallas Mavericks,Southwest
2010-2011,Houston Rockets,Southwest
2010-2011,New Orleans Hornets,Southwest
2009-2010,Toronto Raptors,Atlantic
2009-2010,Boston Celtics,Atlantic
2009-2010,New York Knicks,Atlantic
2009-2010,New Jersey Nets,Atlantic
2009-2010,Philadelphia 76ers,Atlantic
2009-2010,Cleveland Cavaliers,Central
2009-2010,Indiana Pacers,Central
2009-2010,Detroit Pistons,Central
2009-2010,Chicago Bulls,Central
2009-2010,Milwaukee Bucks,Central
2009-2010,Miami Heat,Southeast
2009-2010,Charlotte Bobcats,Southeast
2009-2010,Atlanta Hawks,Southeast
2009-2010,Washington Wizards,Southeast
2009-2010,Orlando Magic,Southeast
2009-2010,Oklahoma City Thunder,Northwest
2009-2010,Portland Trail Blazers,Northwest
2009-2010,Utah Jazz,Northwest
2009-2010,Denver Nuggets,Northwest
2009-2010,Minnesota Timberwolves,Northwest
2009-2010,Golden State Warriors,Pacific
2009-2010,Los Angeles Clippers,Pacific
2009-2010,Sacramento Kings,Pacific
2009-2010,Phoenix Suns,Pacific
2009-2010,Los Angeles Lakers,Pacific
2009-2010,San Antonio Spurs,Southwest
2009-2010,Memphis Grizzlies,Southwest
2009-2010,Dallas Mavericks,Southwest
2009-2010,Houston Rockets,Southwest
2009-2010,New Orleans Hornets,Southwest
2008-2009,Toronto Raptors,Atlantic
2008-2009,Boston Celtics,Atlantic
2008-2009,New York Knicks,Atlantic
2008-2009,New Jersey Nets,Atlantic
2008-2009,Philadelphia 76ers,Atlantic
2008-2009,Cleveland Cavaliers,Central
2008-2009,Indiana Pacers,Central
2008-2009,Detroit Pistons,Central
2008-2009,Chicago Bulls,Central
2008-2009,Milwaukee Bucks,Central
2008-2009,Miami Heat,Southeast
2008-2009,Charlotte Bobcats,Southeast
2008-2009,Atlanta Hawks,Southeast
2008-2009,Washington Wizards,Southeast
2008-2009,Orlando Magic,Southeast
2008-2009,Oklahoma City Thunder,Northwest
2008-2009,Portland Trail Blazers,Northwest
2008-2009,Utah Jazz,Northwest
2008-2009,Denver Nuggets,Northwest
2008-2009,Minnesota Timberwolves,Northwest
2008-2009,Golden State Warriors,Pacific
2008-2009,Los Angeles Clippers,Pacific
2008-2009,Sacramento Kings,Pacific
2008-2009,Phoenix Suns,Pacific
2008-2009,Los Angeles Lakers,Pacific
2008-2009,San Antonio Spurs,Southwest
2008-2009,Memphis Grizzlies,Southwest
2008-2009,Dallas Mavericks,Southwest
2008-2009,Houston Rockets,Southwest
2008-2009,New Orleans Hornets,Southwest
2007-2008,Toronto Raptors,Atlantic
2007-2008,Boston Celtics,Atlantic
2007-2008,New York Knicks,Atlantic
2007-2008,New Jersey Nets,Atlantic
2007-2008,Philadelphia 76ers,Atlantic
2007-2008,Cleveland Cavaliers,Central
2007-2008,Indiana Pacers,Central
2007-2008,Detroit Pistons,Central
2007-2008,Chicago Bulls,Central
2007-2008,Milwaukee Bucks,Central
2007-2008,Miami Heat,Southeast
2007-2008,Charlotte Bobcats,Southeast
2007-2008,Atlanta Hawks,Southeast
2007-2008,Washington Wizards,Southeast
2007-2008,Orlando Magic,Southeast
2007-2008,Seattle SuperSonics,Northwest
2007-2008,Portland Trail Blazers,Northwest
2007-2008,Utah Jazz,Northwest
2007-2008,Denver Nuggets,Northwest
2007-2008,Minnesota Timberwolves,Northwest
2007-2008,Golden State Warriors,Pacific
2007-2008,Los Angeles Clippers,Pacific
2007-2008,Sacramento Kings,Pacific
2007-2008,Phoenix Suns,Pacific
2007-2008,Los Angeles Lakers,Pacific
2007-2008,San Antonio Spurs,Southwest
2007-2008,Memphis Grizzlies,Southwest
2007-2008,Dallas Mavericks,Southwest
2007-2008,Houston Rockets,Southwest
2007-2008,New Orleans Hornets,Southwest
2006-2007,Toronto Raptors,Atlantic
2006-2007,Boston Celtics,Atlantic
2006-2007,New York Knicks,Atlantic
2006-2007,New Jersey Nets,Atlantic
2006-2007,Philadelphia 76ers,Atlantic
2006-2007,Cleveland Cavaliers,Central
2006-2007,Indiana Pacers,Central
2006-2007,Detroit Pistons,Central
2006-2007,Chicago Bulls,Central
2006-2007,Milwaukee Bucks,Central
2006-2007,Miami Heat,Southeast
2006-2007,Charlotte Bobcats,Southeast
2006-2007,Atlanta Hawks,Southeast
2006-2007,Washington Wizards,Southeast
2006-2007,Orlando Magic,Southeast
2006-2007,Seattle SuperSonics,Northwest
2006-2007,Portland Trail Blazers,Northwest
2006-2007,Utah Jazz,Northwest
2006-2007,Denver Nuggets,Northwest
2006-2007,Minnesota Timberwolves,Northwest
2006-2007,Golden State Warriors,Pacific
2006-2007,Los Angeles Clippers,Pacific
2006-2007,Sacramento Kings,Pacific
2006-2007,Phoenix Suns,Pacific
2006-2007,Los Angeles Lakers,Pacific
2006-2007,San Antonio Spurs,Southwest
2006-2007,Memphis Grizzlies,Southwest
2006-2007,Dallas Mavericks,Southwest
2006-2007,Houston Rockets,Southwest
2006-2007,Oklahoma City Hornets,Southwest
2005-2006,Toronto Raptors,Atlantic
2005-2006,Boston Celtics,Atlantic
2005-2006,New York Knicks,Atlantic
2005-2006,New Jersey Nets,Atlantic
2005-2006,Philadelphia 76ers,Atlantic
2005-2006,Cleveland Cavaliers,Central
2005-2006,Indiana Pacers,Central
2005-2006,Detroit Pistons,Central
2005-2006,Chicago Bulls,Central
2005-2006,Milwaukee Bucks,Central
2005-2006,Miami Heat,Southeast
2005-2006,Charlotte Bobcats,Southeast
2005-2006,Atlanta Hawks,Southeast
2005-2006,Washington Wizards,Southeast
2005-2006,Orlando Magic,Southeast
2005-2006,Seattle SuperSonics,Northwest
2005-2006,Portland Trail Blazers,Northwest
2005-2006,Utah Jazz,Northwest
2005-2006,Denver Nuggets,Northwest
2005-2006,Minnesota Timberwolves,Northwest
2005-2006,Golden State Warriors,Pacific
2005-2006,Los Angeles Clippers,Pacific
2005-2006,Sacramento Kings,Pacific
2005-2006,Phoenix Suns,Pacific
2005-2006,Los Angeles Lakers,Pacific
2005-2006,San Antonio Spurs,Southwest
2005-2006,Memphis Grizzlies,Southwest
2005-2006,Dallas Mavericks,Southwest
2005-2006,Houston Rockets,Southwest
2005-2006,Oklahoma City Hornets,Southwest
2004-2005,Toronto Raptors,Atlantic
2004-2005,Boston Celtics,Atlantic
2004-2005,New York Knicks,Atlantic
2004-2005,New Jersey Nets,Atlantic
2004-2005,Philadelphia 76ers,Atlantic
2004-2005,Cleveland Cavaliers,Central
2004-2005,Indiana Pacers,Central
2004-2005,Detroit Pistons,Central
2004-2005,Chicago Bulls,Central
2004-2005,Milwaukee Bucks,Central
2004-2005,Miami Heat,Southeast
2004-2005,Charlotte Bobcats,Southeast
2004-2005,Atlanta Hawks,Southeast
2004-2005,Washington Wizards,Southeast
2004-2005,Orlando Magic,Southeast
2004-2005,Seattle SuperSonics,Northwest
2004-2005,Portland Trail Blazers,Northwest
2004-2005,Utah Jazz,Northwest
2004-2005,Denver Nuggets,Northwest
2004-2005,Minnesota Timberwolves,Northwest
2004-2005,Golden State Warriors,Pacific
2004-2005,Los Angeles Clippers,Pacific
2004-2005,Sacramento Kings,Pacific
2004-2005,Phoenix Suns,Pacific
2004-2005,Los Angeles Lakers,Pacific
2004-2005,San Antonio Spurs,Southwest
2004-2005,Memphis Grizzlies,Southwest
2004-2005,Dallas Mavericks,Southwest
2004-2005,Houston Rockets,Southwest
2004-2005,Oklahoma City Hornets,Southwest
2003-2004,New Jersey Nets,Atlantic
2003-2004,Miami Heat,Atlantic
2003-2004,New York Knicks,Atlantic
2003-2004,Boston Celtics,Atlantic
2003-2004,Philadelphia 76ers,Atlantic
2003-2004,Washington Wizards,Atlantic
2003-2004,Orlando Magic,Atlantic
2003-2004,Indiana Pacers,Central
2003-2004,Detroit Pistons,Central
2003-2004,New Orleans Hornets,Central
2003-2004,Milwaukee Bucks,Central
2003-2004,Cleveland Cavaliers,Central
2003-2004,Toronto Raptors,Central
2003-2004,Atlanta Hawks,Central
2003-2004,Chicago Bulls,Central
2003-2004,Minnesota Timberwolves,Midwest
2003-2004,San Antonio Spurs,Midwest
2003-2004,Dallas Mavericks,Midwest
2003-2004,Memphis Grizzlies,Midwest
2003-2004,Houston Rockets,Midwest
2003-2004,Denver Nuggets,Midwest
2003-2004,Utah Jazz,Midwest
2003-2004,Los Angeles Lakers,Pacific
2003-2004,Sacramento Kings,Pacific
2003-2004,Portland Trail Blazers,Pacific
2003-2004,Golden State Warriors,Pacific
2003-2004,Seattle SuperSonics,Pacific
2003-2004,Phoenix Suns,Pacific
2003-2004,Los Angeles Clippers,Pacific
2002-2003,New Jersey Nets,Atlantic
2002-2003,Miami Heat,Atlantic
2002-2003,New York Knicks,Atlantic
2002-2003,Boston Celtics,Atlantic
2002-2003,Philadelphia 76ers,Atlantic
2002-2003,Washington Wizards,Atlantic
2002-2003,Orlando Magic,Atlantic
2002-2003,Indiana Pacers,Central
2002-2003,Detroit Pistons,Central
2002-2003,New Orleans Hornets,Central
2002-2003,Milwaukee Bucks,Central
2002-2003,Cleveland Cavaliers,Central
2002-2003,Toronto Raptors,Central
2002-2003,Atlanta Hawks,Central
2002-2003,Chicago Bulls,Central
2002-2003,Minnesota Timberwolves,Midwest
2002-2003,San Antonio Spurs,Midwest
2002-2003,Dallas Mavericks,Midwest
2002-2003,Memphis Grizzlies,Midwest
2002-2003,Houston Rockets,Midwest
2002-2003,Denver Nuggets,Midwest
2002-2003,Utah Jazz,Midwest
2002-2003,Los Angeles Lakers,Pacific
2002-2003,Sacramento Kings,Pacific
2002-2003,Portland Trail Blazers,Pacific
2002-2003,Golden State Warriors,Pacific
2002-2003,Seattle SuperSonics,Pacific
2002-2003,Phoenix Suns,Pacific
2002-2003,Los Angeles Clippers,Pacific
2001-2002,New Jersey Nets,Atlantic
2001-2002,Miami Heat,Atlantic
2001-2002,New York Knicks,Atlantic
2001-2002,Boston Celtics,Atlantic
2001-2002,Philadelphia 76ers,Atlantic
2001-2002,Washington Wizards,Atlantic
2001-2002,Orlando Magic,Atlantic
2001-2002,Indiana Pacers,Central
2001-2002,Detroit Pistons,Central
2001-2002,Charlotte Hornets,Central
2001-2002,Milwaukee Bucks,Central
2001-2002,Cleveland Cavaliers,Central
2001-2002,Toronto Raptors,Central
2001-2002,Atlanta Hawks,Central
2001-2002,Chicago Bulls,Central
2001-2002,Minnesota Timberwolves,Midwest
2001-2002,San Antonio Spurs,Midwest
2001-2002,Dallas Mavericks,Midwest
2001-2002,Memphis Grizzlies,Midwest
2001-2002,Houston Rockets,Midwest
2001-2002,Denver Nuggets,Midwest
2001-2002,Utah Jazz,Midwest
2001-2002,Los Angeles Lakers,Pacific
2001-2002,Sacramento Kings,Pacific
2001-2002,Portland Trail Blazers,Pacific
2001-2002,Golden State Warriors,Pacific
2001-2002,Seattle SuperSonics,Pacific
2001-2002,Phoenix Suns,Pacific
2001-2002,Los Angeles Clippers,Pacific
2000-2001,New Jersey Nets,Atlantic
2000-2001,Miami Heat,Atlantic
2000-2001,New York Knicks,Atlantic
2000-2001,Boston Celtics,Atlantic
2000-2001,Philadelphia 76ers,Atlantic
2000-2001,Washington Wizards,Atlantic
2000-2001,Orlando Magic,Atlantic
2000-2001,Indiana Pacers,Central
2000-2001,Detroit Pistons,Central
2000-2001,Charlotte Hornets,Central
2000-2001,Milwaukee Bucks,Central
2000-2001,Cleveland Cavaliers,Central
2000-2001,Toronto Raptors,Central
2000-2001,Atlanta Hawks,Central
2000-2001,Chicago Bulls,Central
2000-2001,Minnesota Timberwolves,Midwest
2000-2001,San Antonio Spurs,Midwest
2000-2001,Dallas Mavericks,Midwest
2000-2001,Vancouver Grizzlies,Midwest
2000-2001,Houston Rockets,Midwest
2000-2001,Denver Nuggets,Midwest
2000-2001,Utah Jazz,Midwest
2000-2001,Los Angeles Lakers,Pacific
2000-2001,Sacramento Kings,Pacific
2000-2001,Portland Trail Blazers,Pacific
2000-2001,Golden State Warriors,Pacific
2000-2001,Seattle SuperSonics,Pacific
2000-2001,Phoenix Suns,Pacific
2000-2001,Los Angeles Clippers,Pacific
1999-2000,New Jersey Nets,Atlantic
1999-2000,Miami Heat,Atlantic
1999-2000,New York Knicks,Atlantic
1999-2000,Boston Celtics,Atlantic
1999-2000,Philadelphia 76ers,Atlantic
1999-2000,Washington Wizards,Atlantic
1999-2000,Orlando Magic,Atlantic
1999-2000,Indiana Pacers,Central
1999-2000,Detroit Pistons,Central
1999-2000,Charlotte Hornets,Central
1999-2000,Milwaukee Bucks,Central
1999-2000,Cleveland Cavaliers,Central
1999-2000,Toronto Raptors,Central
1999-2000,Atlanta Hawks,Central
1999-2000,Chicago Bulls,Central
1999-2000,Minnesota Timberwolves,Midwest
1999-2000,San Antonio Spurs,Midwest
1999-2000,Dallas Mavericks,Midwest
1999-2000,Vancouver Grizzlies,Midwest
1999-2000,Houston Rockets,Midwest
1999-2000,Denver Nuggets,Midwest
1999-2000,Utah Jazz,Midwest
1999-2000,Los Angeles Lakers,Pacific
1999-2000,Sacramento Kings,Pacific
1999-2000,Portland Trail Blazers,Pacific
1999-2000,Golden State Warriors,Pacific
1999-2000,Seattle SuperSonics,Pacific
1999-2000,Phoenix Suns,Pacific
1999-2000,Los Angeles Clippers,Pacific
1998-1999,New Jersey Nets,Atlantic
1998-1999,Miami Heat,Atlantic
1998-1999,New York Knicks,Atlantic
1998-1999,Boston Celtics,Atlantic
1998-1999,Philadelphia 76ers,Atlantic
1998-1999,Washington Wizards,Atlantic
1998-1999,Orlando Magic,Atlantic
1998-1999,Indiana Pacers,Central
1998-1999,Detroit Pistons,Central
1998-1999,Charlotte Hornets,Central
1998-1999,Milwaukee Bucks,Central
1998-1999,Cleveland Cavaliers,Central
1998-1999,Toronto Raptors,Central
1998-1999,Atlanta Hawks,Central
1998-1999,Chicago Bulls,Central
1998-1999,Minnesota Timberwolves,Midwest
1998-1999,San Antonio Spurs,Midwest
1998-1999,Dallas Mavericks,Midwest
1998-1999,Vancouver Grizzlies,Midwest
1998-1999,Houston Rockets,Midwest
1998-1999,Denver Nuggets,Midwest
1998-1999,Utah Jazz,Midwest
1998-1999,Los Angeles Lakers,Pacific
1998-1999,Sacramento Kings,Pacific
1998-1999,Portland Trail Blazers,Pacific
1998-1999,Golden State Warriors,Pacific
1998-1999,Seattle SuperSonics,Pacific
1998-1999,Phoenix Suns,Pacific
1998-1999,Los Angeles Clippers,Pacific
1997-1998,New Jersey Nets,Atlantic
1997-1998,Miami Heat,Atlantic
1997-1998,New York Knicks,Atlantic
1997-1998,Boston Celtics,Atlantic
1997-1998,Philadelphia 76ers,Atlantic
1997-1998,Washington Wizards,Atlantic
1997-1998,Orlando Magic,Atlantic
1997-1998,Indiana Pacers,Central
1997-1998,Detroit Pistons,Central
1997-1998,Charlotte Hornets,Central
1997-1998,Milwaukee Bucks,Central
1997-1998,Cleveland Cavaliers,Central
1997-1998,Toronto Raptors,Central
1997-1998,Atlanta Hawks,Central
1997-1998,Chicago Bulls,Central
1997-1998,Minnesota Timberwolves,Midwest
1997-1998,San Antonio Spurs,Midwest
1997-1998,Dallas Mavericks,Midwest
1997-1998,Vancouver Grizzlies,Midwest
1997-1998,Houston Rockets,Midwest
1997-1998,Denver Nuggets,Midwest
1997-1998,Utah Jazz,Midwest
1997-1998,Los Angeles Lakers,Pacific
1997-1998,Sacramento Kings,Pacific
1997-1998,Portland Trail Blazers,Pacific
1997-1998,Golden State Warriors,Pacific
1997-1998,Seattle SuperSonics,Pacific
1997-1998,Phoenix Suns,Pacific
1997-1998,Los Angeles Clippers,Pacific
1996-1997,New Jersey Nets,Atlantic
1996-1997,Miami Heat,Atlantic
1996-1997,New York Knicks,Atlantic
1996-1997,Boston Celtics,Atlantic
1996-1997,Philadelphia 76ers,Atlantic
1996-1997,Washington Bullets,Atlantic
1996-1997,Orlando Magic,Atlantic
1996-1997,Indiana Pacers,Central
1996-1997,Detroit Pistons,Central
1996-1997,Charlotte Hornets,Central
1996-1997,Milwaukee Bucks,Central
1996-1997,Cleveland Cavaliers,Central
1996-1997,Toronto Raptors,Central
1996-1997,Atlanta Hawks,Central
1996-1997,Chicago Bulls,Central
1996-1997,Minnesota Timberwolves,Midwest
1996-1997,San Antonio Spurs,Midwest
1996-1997,Dallas Mavericks,Midwest
1996-1997,Vancouver Grizzlies,Midwest
1996-1997,Houston Rockets,Midwest
1996-1997,Denver Nuggets,Midwest
1996-1997,Utah Jazz,Midwest
1996-1997,Los Angeles Lakers,Pacific
1996-1997,Sacramento Kings,Pacific
1996-1997,Portland Trail Blazers,Pacific
1996-1997,Golden State Warriors,Pacific
1996-1997,Seattle SuperSonics,Pacific
1996-1997,Phoenix Suns,Pacific
1996-1997,Los Angeles Clippers,Pacific
1995-1996,New Jersey Nets,Atlantic
1995-1996,Miami Heat,Atlantic
1995-1996,New York Knicks,Atlantic
1995-1996,Boston Celtics,Atlantic
1995-1996,Philadelphia 76ers,Atlantic
1995-1996,Washington Bullets,Atlantic
1995-1996,Orlando Magic,Atlantic
1995-1996,Indiana Pacers,Central
1995-1996,Detroit Pistons,Central
1995-1996,Milwaukee Bucks,Central
1995-1996,Cleveland Cavaliers,Central
1995-1996,Toronto Raptors,Central
1995-1996,Atlanta Hawks,Central
1995-1996,Chicago Bulls,Central
1995-1996,Minnesota Timberwolves,Midwest
1995-1996,San Antonio Spurs,Midwest
1995-1996,Dallas Mavericks,Midwest
1995-1996,Vancouver Grizzlies,Midwest
1995-1996,Houston Rockets,Midwest
1995-1996,Denver Nuggets,Midwest
1995-1996,Utah Jazz,Midwest
1995-1996,Los Angeles Lakers,Pacific
1995-1996,Sacramento Kings,Pacific
1995-1996,Portland Trail Blazers,Pacific
1995-1996,Golden State Warriors,Pacific
1995-1996,Seattle SuperSonics,Pacific
1995-1996,Phoenix Suns,Pacific
1995-1996,Los Angeles Clippers,Pacific
1994-1995,New Jersey Nets,Atlantic
1994-1995,Miami Heat,Atlantic
1994-1995,New York Knicks,Atlantic
1994-1995,Boston Celtics,Atlantic
1994-1995,Philadelphia 76ers,Atlantic
1994-1995,Washington Bullets,Atlantic
1994-1995,Orlando Magic,Atlantic
1994-1995,Indiana Pacers,Central
1994-1995,Detroit Pistons,Central
1994-1995,Milwaukee Bucks,Central
1994-1995,Cleveland Cavaliers,Central
1994-1995,Charlotte Hornets,Central
1994-1995,Atlanta Hawks,Central
1994-1995,Chicago Bulls,Central
1994-1995,Minnesota Timberwolves,Midwest
1994-1995,San Antonio Spurs,Midwest
1994-1995,Dallas Mavericks,Midwest
1994-1995,Houston Rockets,Midwest
1994-1995,Denver Nuggets,Midwest
1994-1995,Utah Jazz,Midwest
1994-1995,Los Angeles Lakers,Pacific
1994-1995,Sacramento Kings,Pacific
1994-1995,Portland Trail Blazers,Pacific
1994-1995,Golden State Warriors,Pacific
1994-1995,Seattle SuperSonics,Pacific
1994-1995,Phoenix Suns,Pacific
1994-1995,Los Angeles Clippers,Pacific
1993-1994,New Jersey Nets,Atlantic
1993-1994,Miami Heat,Atlantic
1993-1994,New York Knicks,Atlantic
1993-1994,Boston Celtics,Atlantic
1993-1994,Philadelphia 76ers,Atlantic
1993-1994,Washington Bullets,Atlantic
1993-1994,Orlando Magic,Atlantic
1993-1994,Indiana Pacers,Central
1993-1994,Detroit Pistons,Central
1993-1994,Milwaukee Bucks,Central
1993-1994,Cleveland Cavaliers,Central
1993-1994,Charlotte Hornets,Central
1993-1994,Atlanta Hawks,Central
1993-1994,Chicago Bulls,Central
1993-1994,Minnesota Timberwolves,Midwest
1993-1994,San Antonio Spurs,Midwest
1993-1994,Dallas Mavericks,Midwest
1993-1994,Houston Rockets,Midwest
1993-1994,Denver Nuggets,Midwest
1993-1994,Utah Jazz,Midwest
1993-1994,Los Angeles Lakers,Pacific
1993-1994,Sacramento Kings,Pacific
1993-1994,Portland Trail Blazers,Pacific
1993-1994,Golden State Warriors,Pacific
1993-1994,Seattle SuperSonics,Pacific
1993-1994,Phoenix Suns,Pacific
1993-1994,Los Angeles Clippers,Pacific
1992-1993,New Jersey Nets,Atlantic
1992-1993,Miami Heat,Atlantic
1992-1993,New York Knicks,Atlantic
1992-1993,Boston Celtics,Atlantic
1992-1993,Philadelphia 76ers,Atlantic
1992-1993,Washington Bullets,Atlantic
1992-1993,Orlando Magic,Atlantic
1992-1993,Indiana Pacers,Central
1992-1993,Detroit Pistons,Central
1992-1993,Milwaukee Bucks,Central
1992-1993,Cleveland Cavaliers,Central
1992-1993,Charlotte Hornets,Central
1992-1993,Atlanta Hawks,Central
1992-1993,Chicago Bulls,Central
1992-1993,Minnesota Timberwolves,Midwest
1992-1993,San Antonio Spurs,Midwest
1992-1993,Dallas Mavericks,Midwest
1992-1993,Houston Rockets,Midwest
1992-1993,Denver Nuggets,Midwest
1992-1993,Utah Jazz,Midwest
1992-1993,Los Angeles Lakers,Pacific
1992-1993,Sacramento Kings,Pacific
1992-1993,Portland Trail Blazers,Pacific
1992-1993,Golden State Warriors,Pacific
1992-1993,Seattle SuperSonics,Pacific
1992-1993,Phoenix Suns,Pacific
1992-1993,Los Angeles Clippers,Pacific
1991-1992,New Jersey Nets,Atlantic
1991-1992,Miami Heat,Atlantic
1991-1992,New York Knicks,Atlantic
1991-1992,Boston Celtics,Atlantic
1991-1992,Philadelphia 76ers,Atlantic
1991-1992,Washington Bullets,Atlantic
1991-1992,Orlando Magic,Atlantic
1991-1992,Indiana Pacers,Central
1991-1992,Detroit Pistons,Central
1991-1992,Milwaukee Bucks,Central
1991-1992,Cleveland Cavaliers,Central
1991-1992,Charlotte Hornets,Central
1991-1992,Atlanta Hawks,Central
1991-1992,Chicago Bulls,Central
1991-1992,Minnesota Timberwolves,Midwest
1991-1992,San Antonio Spurs,Midwest
1991-1992,Dallas Mavericks,Midwest
1991-1992,Houston Rockets,Midwest
1991-1992,Denver Nuggets,Midwest
1991-1992,Utah Jazz,Midwest
1991-1992,Los Angeles Lakers,Pacific
1991-1992,Sacramento Kings,Pacific
1991-1992,Portland Trail Blazers,Pacific
1991-1992,Golden State Warriors,Pacific
1991-1992,Seattle SuperSonics,Pacific
1991-1992,Phoenix Suns,Pacific
1991-1992,Los Angeles Clippers,Pacific
1990-1991,New Jersey Nets,Atlantic
1990-1991,Miami Heat,Atlantic
1990-1991,New York Knicks,Atlantic
1990-1991,Boston Celtics,Atlantic
1990-1991,Philadelphia 76ers,Atlantic
1990-1991,Washington Bullets,Atlantic
1990-1991,Orlando Magic,Midwest
1990-1991,Indiana Pacers,Central
1990-1991,Detroit Pistons,Central
1990-1991,Milwaukee Bucks,Central
1990-1991,Cleveland Cavaliers,Central
1990-1991,Charlotte Hornets,Central
1990-1991,Atlanta Hawks,Central
1990-1991,Chicago Bulls,Central
1990-1991,Minnesota Timberwolves,Midwest
1990-1991,San Antonio Spurs,Midwest
1990-1991,Dallas Mavericks,Midwest
1990-1991,Houston Rockets,Midwest
1990-1991,Denver Nuggets,Midwest
1990-1991,Utah Jazz,Midwest
1990-1991,Los Angeles Lakers,Pacific
1990-1991,Sacramento Kings,Pacific
1990-1991,Portland Trail Blazers,Pacific
1990-1991,Golden State Warriors,Pacific
1990-1991,Seattle SuperSonics,Pacific
1990-1991,Phoenix Suns,Pacific
1990-1991,Los Angeles Clippers,Pacific
1989-1990,New Jersey Nets,East
1989-1990,Miami Heat,East
1989-1990,New York Knicks,East
1989-1990,Boston Celtics,East
1989-1990,Philadelphia 76ers,East
1989-1990,Washington Bullets,East
1989-1990,Orlando Magic,East
1989-1990,Indiana Pacers,East
1989-1990,Detroit Pistons,East
1989-1990,Milwaukee Bucks,East
1989-1990,Cleveland Cavaliers,East
1989-1990,Charlotte Hornets,West
1989-1990,Atlanta Hawks,East
1989-1990,Chicago Bulls,East
1989-1990,Minnesota Timberwolves,West
1989-1990,San Antonio Spurs,West
1989-1990,Dallas Mavericks,West
1989-1990,Houston Rockets,West
1989-1990,Denver Nuggets,West
1989-1990,Utah Jazz,West
1989-1990,Los Angeles Lakers,West
1989-1990,Sacramento Kings,West
1989-1990,Portland Trail Blazers,West
1989-1990,Golden State Warriors,West
1989-1990,Seattle SuperSonics,West
1989-1990,Phoenix Suns,West
1989-1990,Los Angeles Clippers,West
1988-1989,New Jersey Nets,East
1988-1989,New York Knicks,East
1988-1989,Boston Celtics,East
1988-1989,Philadelphia 76ers,East
1988-1989,Washington Bullets,East
1988-1989,Indiana Pacers,East
1988-1989,Detroit Pistons,East
1988-1989,Milwaukee Bucks,East
1988-1989,Cleveland Cavaliers,East
1988-1989,Charlotte Hornets,East
1988-1989,Atlanta Hawks,East
1988-1989,Chicago Bulls,East
1988-1989,Minnesota Timberwolves,West
1988-1989,San Antonio Spurs,West
1988-1989,Dallas Mavericks,West
1988-1989,Houston Rockets,West
1988-1989,Denver Nuggets,West
1988-1989,Utah Jazz,West
1988-1989,Los Angeles Lakers,West
1988-1989,Sacramento Kings,West
1988-1989,Portland Trail Blazers,West
1988-1989,Golden State Warriors,West
1988-1989,Seattle SuperSonics,West
1988-1989,Phoenix Suns,West
1988-1989,Los Angeles Clippers,West
1987-1988,New Jersey Nets,East
1987-1988,New York Knicks,East
1987-1988,Boston Celtics,East
1987-1988,Philadelphia 76ers,East
1987-1988,Washington Bullets,East
1987-1988,Indiana Pacers,East
1987-1988,Detroit Pistons,East
1987-1988,Milwaukee Bucks,East
1987-1988,Cleveland Cavaliers,East
1987-1988,Atlanta Hawks,East
1987-1988,Chicago Bulls,East
1987-1988,San Antonio Spurs,West
1987-1988,Dallas Mavericks,West
1987-1988,Houston Rockets,West
1987-1988,Denver Nuggets,West
1987-1988,Utah Jazz,West
1987-1988,Los Angeles Lakers,West
1987-1988,Sacramento Kings,West
1987-1988,Portland Trail Blazers,West
1987-1988,Golden State Warriors,West
1987-1988,Seattle SuperSonics,West
1987-1988,Phoenix Suns,West
1987-1988,Los Angeles Clippers,West
1986-1987,New Jersey Nets,East
1986-1987,New York Knicks,East
1986-1987,Boston Celtics,East
1986-1987,Philadelphia 76ers,East
1986-1987,Washington Bullets,East
1986-1987,Indiana Pacers,East
1986-1987,Detroit Pistons,East
1986-1987,Milwaukee Bucks,East
1986-1987,Cleveland Cavaliers,East
1986-1987,Atlanta Hawks,East
1986-1987,Chicago Bulls,East
1986-1987,San Antonio Spurs,West
1986-1987,Dallas Mavericks,West
1986-1987,Houston Rockets,West
1986-1987,Denver Nuggets,West
1986-1987,Utah Jazz,West
1986-1987,Los Angeles Lakers,West
1986-1987,Sacramento Kings,West
1986-1987,Portland Trail Blazers,West
1986-1987,Golden State Warriors,West
1986-1987,Seattle SuperSonics,West
1986-1987,Phoenix Suns,West
1986-1987,Los Angeles Clippers,West
1985-1986,New Jersey Nets,East
1985-1986,New York Knicks,East
1985-1986,Boston Celtics,East
1985-1986,Philadelphia 76ers,East
1985-1986,Washington Bullets,East
1985-1986,Indiana Pacers,East
1985-1986,Detroit Pistons,East
1985-1986,Milwaukee Bucks,East
1985-1986,Cleveland Cavaliers,East
1985-1986,Atlanta Hawks,East
1985-1986,Chicago Bulls,East
1985-1986,San Antonio Spurs,West
1985-1986,Dallas Mavericks,West
1985-1986,Houston Rockets,West
1985-1986,Denver Nuggets,West
1985-1986,Utah Jazz,West
1985-1986,Los Angeles Lakers,West
1985-1986,Sacramento Kings,West
1985-1986,Portland Trail Blazers,West
1985-1986,Golden State Warriors,West
1985-1986,Seattle SuperSonics,West
1985-1986,Phoenix Suns,West
1985-1986,Los Angeles Clippers,West
1984-1985,New Jersey Nets,East
1984-1985,New York Knicks,East
1984-1985,Boston Celtics,East
1984-1985,Philadelphia 76ers,East
1984-1985,Washington Bullets,East
1984-1985,Indiana Pacers,East
1984-1985,Detroit Pistons,East
1984-1985,Milwaukee Bucks,East
1984-1985,Cleveland Cavaliers,East
1984-1985,Atlanta Hawks,East
1984-1985,Chicago Bulls,East
1984-1985,San Antonio Spurs,West
1984-1985,Dallas Mavericks,West
1984-1985,Houston Rockets,West
1984-1985,Denver Nuggets,West
1984-1985,Utah Jazz,West
1984-1985,Los Angeles Lakers,West
1984-1985,Sacramento Kings,West
1984-1985,Portland Trail Blazers,West
1984-1985,Golden State Warriors,West
1984-1985,Seattle SuperSonics,West
1984-1985,Phoenix Suns,West
1984-1985,Los Angeles Clippers,West
