"","Player","Age","Tm","G","GS","MP","PER","X3PAr","FTr","ORB.","DRB.","TRB.","AST.","STL.","BLK.","TOV.","USG.","ORtg","DRtg","OWS","DWS","WS","WS.48","OBPM","DBPM","BPM","VORP","Place_of_Birth","Pos","Ht","Wt","Birth.Date","College","SALARY","Height","International"
"1","Aaron Brooks",31,"CHI",69,0,1108,11.8,0.394,0.136,2,7.5,4.8,26,1.4,0.7,14.2,22.9,99,109,0.2,0.7,0.9,0.04,-0.5,-2.8,-3.3,-0.4,"Washington","G","6-0",161,"January 14, 1985","University of Oregon",2250000,72,"No"
"2","Aaron Gordon",20,"ORL",78,37,1863,17,0.245,0.333,9,21.3,15.1,10.3,1.6,2.4,9,17.3,114,105,3.2,2.2,5.4,0.139,0.6,1.2,1.8,1.8,"California","F","6-9",220,"September 16, 1995","University of Arizona",4171680,81,"No"
"3","Adreian Payne",24,"MIN",52,2,486,5.6,0.221,0.179,4.8,21.5,13.3,8.9,1.7,1.8,18.7,17.7,81,108,-0.9,0.4,-0.5,-0.047,-5.9,-0.2,-6.1,-0.5,"Ohio","F","6-10",237,"February 19, 1991","Michigan State University",1938840,82,"No"
"4","Al Horford",29,"ATL",82,82,2631,19.4,0.244,0.123,6.3,18.2,12.4,16.7,1.3,3.6,8.8,20.6,113,101,4.9,4.5,9.4,0.172,1.5,2.6,4.1,4.1,"Dominican Repulic","F-C","6-10",245,"June 3, 1986","University of Florida",1.2e+07,82,"Yes"
"5","Al Jefferson",31,"CHO",47,18,1096,18.2,0,0.22,5.6,24.6,15,11.8,1.4,3,5.8,24.2,105,102,1,1.8,2.8,0.123,-2.3,1.2,-1.1,0.2,"Mississippi","C-F","6-10",289,"January 4, 1985","",13500000,82,"No"
"6","Al-Farouq Aminu",25,"POR",82,82,2341,12.7,0.485,0.217,4.5,18.6,11.5,8.8,1.5,1.8,13.2,16.9,105,107,1.7,2.3,4,0.082,-0.4,0.7,0.2,1.3,"Georgia","F","6-9",215,"September 21, 1990","Wake Forest University",8042895,81,"No"
"7","Alan Anderson",33,"WAS",13,0,192,9.2,0.627,0.254,0.6,15.5,7.9,10.3,1,0.4,3,15.4,107,108,0.2,0.2,0.3,0.078,-1.2,-1.7,-2.8,0,"Minnesota","G-F","6-6",220,"October 16, 1982","Michigan State University",4e+06,78,"No"
"8","Alec Burks",24,"UTA",31,3,797,14.3,0.237,0.422,2.4,13.6,8,13.9,1.2,0.4,11.4,25.9,104,107,0.7,0.8,1.5,0.09,-0.9,-1.6,-2.5,-0.1,"Missouri","G","6-6",214,"July 20, 1991","University of Colorado",9463484,78,"No"
"9","Alex Len",22,"PHO",78,46,1821,12.4,0.011,0.383,10.4,25.4,17.7,8.5,1,2.8,16.6,20.4,96,107,-0.5,1.8,1.3,0.035,-4.4,0.7,-3.6,-0.7,"Ukraine","C","7-1",260,"June 16, 1993","University of Maryland",3807120,85,"Yes"
"10","Alexis Ajinca",27,"NOP",59,17,861,13.8,0.003,0.197,9.3,25.9,17.3,5.8,1.1,3.4,13.6,20.4,100,107,0.2,0.9,1,0.058,-4.3,-0.2,-4.5,-0.5,"France","C","7-2",248,"May 6, 1988","",4389607,86,"Yes"
"11","Allen Crabbe",23,"POR",81,8,2105,12.2,0.42,0.167,1.4,9.7,5.6,7.2,1.5,0.6,8.1,16.4,114,110,3.1,1.2,4.3,0.098,0.4,-1.1,-0.7,0.7,"California","G-F","6-6",210,"April 9, 1992","University of California",947276,78,"No"
"12","Alonzo Gee",28,"NOP",73,38,1632,8.4,0.235,0.259,3.9,13,8.3,6.2,1.9,0.7,16.2,9.2,108,110,1,0.9,1.9,0.056,-1.8,1,-0.8,0.5,"Florida","G","6-6",225,"May 29, 1987","University of Alabama",1320000,78,"No"
"13","Anderson Varejao",33,"TOT",53,0,496,11.1,0.008,0.403,8.5,22.8,15.8,9.8,1.6,1.6,13.1,15,103,102,0.3,0.8,1,0.101,-3.8,1.4,-2.4,0,"Brazil","F-C","6-10",273,"September 28, 1982","",289755,82,"Yes"
"14","Andre Drummond",22,"DET",81,81,2666,21.2,0.006,0.553,15.6,34.2,24.5,4.4,2.3,3.2,10.5,24.1,103,98,2,5.5,7.4,0.133,-2.1,1.6,-0.5,1,"New York","C","6-11",279,"August 10, 1993","University of Connecticut",3272091,83,"No"
"15","Andre Iguodala",32,"GSW",65,1,1732,12.2,0.418,0.226,3.4,12.4,8.2,16.3,2,0.8,16.3,12.1,115,105,2.3,2.1,4.4,0.122,0.3,1.3,1.6,1.6,"Illinois","G-F","6-6",207,"January 28, 1984","University of Arizona",11710456,78,"No"
"16","Andre Miller",39,"TOT",39,4,461,13.4,0.075,0.302,3.1,9.5,6.4,28.3,1.8,0,23.6,15.4,110,108,0.6,0.4,1,0.1,-1.1,-1.8,-2.9,-0.1,"California","G","6-3",200,"March 19, 1976","University of Utah",250750,75,"No"
"17","Andre Roberson",24,"OKC",70,70,1553,10.2,0.376,0.197,5.9,11.4,8.8,4,1.7,2,10.5,9.1,119,106,1.8,1.6,3.4,0.105,0,1.3,1.4,1.3,"New Mexico","G-F","6-7",210,"December 4, 1991","University of Colorado",1210800,79,"No"
"18","Andrea Bargnani",30,"BRK",46,0,634,11.8,0.057,0.204,4.9,12.4,8.6,4.8,0.3,1.1,7.9,23.2,100,115,0.1,0,0.2,0.013,-3.7,-4.2,-7.9,-0.9,"Italy","F-C","7-0",245,"October 26, 1985","",1362897,84,"Yes"
"19","Andrew Bogut",31,"GSW",70,66,1451,15.9,0.004,0.179,9.5,26,18.3,14.8,1.1,5.8,21.6,11.4,120,99,2.6,2.9,5.4,0.18,-0.6,5.1,4.5,2.4,"Australia","C","7-0",260,"November 28, 1984","University of Utah",13800000,84,"Yes"
"20","Andrew Nicholson",26,"ORL",56,0,823,14.8,0.368,0.21,4.5,22.8,13.5,4.8,0.6,2.2,10.8,20.4,106,107,0.8,0.8,1.6,0.092,-1.7,-2,-3.7,-0.4,"Canada","F","6-9",250,"December 8, 1989","St. Bonaventure University",2380593,81,"Yes"
"21","Andrew Wiggins",20,"MIN",81,81,2845,16.5,0.147,0.437,4.4,7.5,6,10.1,1.4,1.3,10.6,27.2,106,113,3.4,0.7,4.1,0.069,0.4,-2.5,-2.1,-0.1,"Canada","F-G","6-8",199,"February 23, 1995","University of Kansas",5758680,80,"Yes"
"22","Anthony Davis",22,"NOP",61,61,2164,25,0.095,0.379,6.4,26.4,16.1,10,1.8,4.7,8.4,29.6,110,104,4.4,2.8,7.2,0.16,1,1.2,2.2,2.3,"Illinois","F-C","6-10",253,"March 11, 1993","University of Kentucky",7070730,82,"No"
"23","Anthony Morrow",30,"OKC",68,6,926,10.7,0.613,0.117,1.2,5.8,3.6,3.7,1.2,0.4,4.6,16.9,114,110,1.4,0.5,1.9,0.097,0.5,-3.2,-2.7,-0.2,"North Carolina","G","6-5",210,"September 27, 1985","Georgia Institute of Technology",3344000,77,"No"
"24","Archie Goodwin",21,"PHO",57,13,1114,11.1,0.235,0.457,2.6,11.5,6.9,17.2,1.2,1,16.5,23.2,95,111,-0.4,0.5,0.1,0.004,-2.9,-1.7,-4.6,-0.7,"Arkansas","G","6-5",200,"August 17, 1994","University of Kentucky",1160160,77,"No"
"25","Aron Baynes",29,"DET",81,1,1233,17.8,0.005,0.43,11.9,22.5,17,6.6,0.9,3.2,12.8,18.5,114,104,2.4,1.7,4.1,0.158,-1.3,1.1,-0.2,0.6,"New Zealand","F-C","6-10",260,"December 9, 1986","Washington State University",6500000,82,"Yes"
"26","Arron Afflalo",30,"NYK",71,57,2371,10.9,0.298,0.164,1.1,11,6.1,9.9,0.5,0.3,8.7,17.9,105,112,1.8,0.9,2.7,0.055,-0.6,-1.8,-2.4,-0.2,"California","G","6-5",210,"October 15, 1985","University of California, Los Angeles",8e+06,77,"No"
"27","Austin Rivers",23,"LAC",67,7,1464,11.1,0.359,0.225,1.7,7.9,4.8,10.6,1.6,0.5,9.7,19.4,101,107,0.6,1.3,1.9,0.063,-1.2,-1,-2.2,-0.1,"California","G","6-4",200,"August 1, 1992","Duke University",3110796,76,"No"
"28","Avery Bradley",25,"BOS",76,72,2536,13.2,0.399,0.121,2,7.3,4.6,9.8,2.2,0.6,9.2,19.8,105,106,2,2.8,4.8,0.09,0.5,-0.3,0.2,1.4,"Washington","G","6-2",180,"November 26, 1990","University of Texas at Austin",7730337,74,"No"
"29","Ben McLemore",22,"SAC",68,53,1443,8.6,0.407,0.226,2.6,8.5,5.6,7.9,1.7,0.6,16.5,17.6,95,111,-0.4,0.7,0.3,0.01,-2,-1.2,-3.2,-0.4,"Missouri","G","6-5",195,"February 11, 1993","University of Kansas",3156600,77,"No"
"30","Beno Udrih",33,"TOT",44,5,707,9.5,0.222,0.101,1.3,10,5.8,24.9,1,0.1,20.4,16.7,97,109,-0.1,0.5,0.4,0.029,-2.8,-2,-4.8,-0.5,"Slovenia","G","6-3",205,"July 5, 1982","",2170465,75,"Yes"
"31","Bismack Biyombo",23,"TOR",82,22,1808,14.9,0.003,0.785,11.7,29.5,20.8,2.4,0.5,6.1,15.5,11.5,118,101,2.8,3.1,5.9,0.156,-2.4,2.3,-0.1,0.9,"Congo","C-F","6-9",245,"August 28, 1992","",2814000,81,"Yes"
"32","Blake Griffin",26,"LAC",35,35,1170,22.1,0.03,0.322,4.8,22.3,13.7,27.2,1.2,1.1,10.8,29.8,108,103,2.2,1.6,3.8,0.156,1.7,1.6,3.3,1.6,"Oklahoma","F","6-10",251,"March 16, 1989","University of Oklahoma",18907726,82,"No"
"33","Bojan Bogdanovic",26,"BRK",79,39,2115,10.7,0.451,0.176,1.9,11.8,6.8,7.3,0.7,0.2,12.5,19.4,102,115,0.9,0,0.9,0.021,-0.5,-2.9,-3.4,-0.8,"Bosnia and Herzegovina","G-F","6-8",216,"April 18, 1989","",3425510,80,"Yes"
"34","Boris Diaw",33,"SAS",76,4,1386,14,0.18,0.198,4.9,13.9,9.6,18.4,1,1.2,18.9,17,109,102,1.6,2.2,3.8,0.132,-0.1,1.4,1.2,1.1,"France","F-C","6-8",250,"April 16, 1982","",7500000,80,"Yes"
"35","Bradley Beal",22,"WAS",55,35,1708,15.5,0.339,0.22,2.6,9.8,6.2,15.6,1.5,0.5,11.3,25.3,103,108,1.4,1.3,2.7,0.076,1,-1.6,-0.6,0.6,"Missouri","G","6-5",207,"June 28, 1993","University of Florida",5694674,77,"No"
"36","Brandan Wright",28,"MEM",12,2,212,18.3,0,0.462,7.2,16.3,11.6,4.7,1.2,6.6,13.8,15.4,119,106,0.4,0.2,0.7,0.147,-0.9,1.9,0.9,0.2,"Tennessee","F","6-10",210,"October 5, 1987","University of North Carolina",5464000,82,"No"
"37","Brandon Bass",30,"LAL",66,0,1342,17.4,0.006,0.467,8.1,15,11.4,9.2,1.2,3.2,9.9,13.9,127,111,3.4,0.7,4.1,0.146,0.1,0.7,0.8,1,"Louisiana","F","6-8",250,"April 30, 1985","Louisiana State University",3e+06,80,"No"
"38","Brandon Jennings",26,"TOT",48,7,868,13.7,0.51,0.257,2,10.4,6.1,29.2,1.7,0.7,14.4,20,105,108,0.8,0.7,1.5,0.082,0.3,-1.7,-1.4,0.1,"California","G","6-1",169,"September 23, 1989","",8344497,73,"No"
"39","Brandon Knight",24,"PHO",52,50,1870,14.7,0.392,0.204,2,9.9,5.9,24.4,1.6,0.9,15.4,26.2,100,111,0.7,0.9,1.7,0.043,1.2,-1.5,-0.3,0.8,"Florida","G","6-3",189,"December 2, 1991","University of Kentucky",13500000,75,"No"
"40","Brandon Rush",30,"GSW",72,25,1055,10.1,0.604,0.108,2.3,15.4,9.2,7,0.9,1.6,10.8,12.5,108,106,0.8,1.2,2,0.09,-1.2,-0.2,-1.3,0.2,"Missouri","G-F","6-6",210,"July 7, 1985","University of Kansas",1270964,78,"No"
"41","Brian Roberts",30,"TOT",51,0,470,13.8,0.255,0.285,1.4,8.2,4.8,18.6,1.1,0.3,11,19.8,111,109,0.7,0.3,1,0.105,-1.1,-2.8,-3.9,-0.2,"Ohio","G","6-1",173,"December 3, 1985","University of Dayton",2854940,73,"No"
"42","Bruno Caboclo",20,"TOR",6,1,43,-7.7,0.583,0,2.7,2.6,2.7,3.2,2.4,1.9,25,16.9,29,107,-0.3,0,-0.3,-0.283,-11.4,-0.2,-11.6,-0.1,"Brazil","F","6-9",205,"September 21, 1995","",1524000,81,"Yes"
"43","Bryce Cotton",23,"TOT",8,0,39,1.7,0.3,0,0,0,0,10.8,3.7,0,33.3,16.5,54,109,-0.2,0,-0.1,-0.168,-9.3,-2.7,-12,-0.1,"Arizona","G","6-1",165,"August 11, 1992","Providence College",700902,73,"No"
"44","C.J. McCollum",24,"POR",80,80,2780,17.7,0.33,0.158,1.8,8.3,5,21.6,1.7,0.6,11.4,27.1,108,110,4.4,1.7,6,0.104,2.5,-2,0.4,1.7,"Ohio","G","6-4",200,"September 19, 1991","Lehigh University",2525160,76,"No"
"45","C.J. Miles",28,"IND",64,24,1464,14,0.61,0.196,1.9,11.1,6.5,7,1.8,1.6,9.2,22.8,104,104,1.2,1.9,3.1,0.103,1,-1.2,-0.2,0.7,"Texas","G-F","6-6",231,"April 18, 1987","",4394225,78,"No"
"46","C.J. Wilcox",25,"LAC",23,0,167,12.9,0.348,0.182,0.7,7.1,3.9,9.4,3,0.9,2.7,19.8,103,104,0.1,0.2,0.3,0.089,-1.5,-0.9,-2.4,0,"Utah","G","6-5",195,"December 30, 1990","University of Washington",1159680,77,"No"
"47","Carl Landry",32,"PHI",36,12,569,22.4,0.052,0.364,9.1,19.2,14,11.1,1,1.2,7.1,24,120,110,1.8,0.3,2.1,0.176,1.5,-2.3,-0.7,0.2,"Wisconsin","F","6-9",248,"September 19, 1983","Purdue University",6500000,81,"No"
"48","Carmelo Anthony",31,"NYK",72,72,2530,20.3,0.237,0.308,4.3,19.5,12,21.9,1.3,1.1,10.6,29.7,107,107,3.9,2.5,6.4,0.121,2.8,-0.2,2.6,2.9,"New York","F","6-8",240,"May 29, 1984","Syracuse University",22875000,80,"No"
"49","Caron Butler",35,"SAC",17,1,176,11.3,0.305,0.203,3.1,10.4,6.8,8.3,2.5,0.5,4.5,16.2,106,109,0.1,0.1,0.3,0.071,-1.5,-1.1,-2.6,0,"Wisconsin","F","6-7",228,"March 13, 1980","University of Connecticut",1449187,79,"No"
"50","Chandler Parsons",27,"DAL",61,51,1799,16.2,0.386,0.209,1.8,15.6,8.7,16,1.3,1,11.8,20.5,110,108,2.6,1.6,4.3,0.114,1.6,0.3,1.9,1.8,"Florida","F","6-9",227,"October 25, 1988","University of Florida",15361500,81,"No"
"51","Channing Frye",32,"TOT",70,32,1200,12.9,0.677,0.101,3.2,18.6,10.9,8.7,1.2,1.9,10.6,15.1,113,106,1.6,1.3,3,0.119,0.5,0,0.5,0.7,"New York","F-C","6-11",255,"May 17, 1983","University of Arizona",8193029,83,"No"
"52","Chase Budinger",27,"TOT",66,2,929,10.7,0.36,0.234,5,12.6,8.8,10.2,1.7,0.9,14.3,14.5,102,106,0.4,1,1.4,0.073,-2,0.3,-1.7,0.1,"California","F","6-7",209,"May 22, 1988","University of Arizona",5e+06,79,"No"
"53","Chris Andersen",37,"TOT",27,15,402,15.3,0.194,0.5,9.9,18.2,13.9,4.4,1.9,2.9,9.3,10.8,127,106,0.8,0.4,1.3,0.149,-0.3,1.1,0.8,0.3,"California","F-C","6-10",245,"July 7, 1978","Blinn College",5e+06,82,"No"
"54","Chris Bosh",31,"MIA",53,53,1778,20.2,0.289,0.349,3.2,21.1,12.4,12.1,1,1.5,8.1,24.7,114,104,4.1,2.3,6.4,0.172,2.3,-0.3,2.1,1.8,"Texas","F-C","6-11",235,"March 24, 1984","Georgia Institute of Technology",22192730,83,"No"
"55","Chris Copeland",31,"MIL",24,1,156,5.4,0.706,0.137,0.7,6.5,3.7,10.3,0.7,0,10,17.3,94,115,-0.1,0,-0.1,-0.017,-2.5,-5.2,-7.7,-0.2,"New Jersey","F","6-9",239,"March 17, 1984","University of Colorado",1150000,81,"No"
"56","Chris Johnson",25,"UTA",70,2,857,8.2,0.51,0.216,3.7,14.3,9,8,2,2,15.8,13.6,96,104,-0.1,1.2,1.1,0.059,-2.7,1.3,-1.4,0.1,"Florida","F-G","6-6",206,"April 29, 1990","University of Dayton",981348,78,"No"
"57","Chris Kaman",33,"POR",16,2,112,11.1,0.093,0.07,6.8,16.5,11.6,15.8,0.4,0.7,15.3,20.4,100,110,0,0.1,0.1,0.037,-3.3,-1.9,-5.1,-0.1,"Michigan","C","7-0",265,"April 28, 1982","Central Michigan University",5016000,84,"No"
"58","Chris Paul",30,"LAC",74,74,2420,26.2,0.295,0.294,1.8,12,7,52.7,3.1,0.4,13.4,27.1,119,103,9.2,3.5,12.7,0.253,7.3,0.5,7.8,6,"North Carolina","G","6-0",175,"May 6, 1985","Wake Forest University",21468695,72,"No"
"59","Clint Capela",21,"HOU",77,35,1471,18.3,0.003,0.531,14.4,22.7,18.5,5.1,2,5.2,10.9,16.1,114,104,2.4,2,4.4,0.144,-1.2,1.7,0.5,0.9,"Switzerland","C","6-10",240,"May 18, 1994","",1242720,82,"Yes"
"60","Cody Zeller",23,"CHO",73,60,1774,16.1,0.023,0.531,8.4,19.7,14,6.3,1.6,2.9,11.2,15.4,119,102,3.6,2.7,6.3,0.169,-1,2,1,1.3,"Indiana","F-C","7-0",240,"October 5, 1992","Indiana University",4204200,84,"No"
"61","Cole Aldrich",27,"LAC",60,5,800,21.3,0,0.373,11.9,27.1,19.6,10,2.9,6.7,19.6,18.4,113,94,1.4,2,3.5,0.209,-1,5.8,4.8,1.4,"Minnesota","C","6-11",250,"October 31, 1988","University of Kansas",1100602,83,"No"
"62","Corey Brewer",29,"HOU",82,12,1669,9.9,0.406,0.254,2.8,10.4,6.6,10,2.5,0.9,11.3,17.8,98,109,0.1,1.2,1.2,0.035,-2.2,-1,-3.1,-0.5,"Tennessee","F-G","6-9",186,"March 5, 1986","University of Florida",8229375,81,"No"
"63","Cory Jefferson",25,"PHO",8,0,50,12.7,0.045,0.273,12.7,22.2,17.4,0,0,1.6,0,21,105,110,0,0,0.1,0.07,-6.1,-7.7,-13.8,-0.1,"Washington","F","6-9",218,"December 26, 1990","Baylor University",49709,81,"No"
"64","Cory Joseph",24,"TOR",80,4,2046,12.4,0.188,0.297,2.2,9.4,5.9,19.3,1.6,0.8,13.4,17,106,108,1.8,1.7,3.5,0.082,-0.6,-0.4,-1,0.5,"Canada","G","6-3",190,"August 20, 1991","University of Texas at Austin",7e+06,75,"Yes"
"65","Courtney Lee",30,"TOT",79,65,2334,11.5,0.34,0.185,1.4,8.7,4.9,9.1,1.9,1.1,9.4,14.7,109,109,2.1,1.7,3.9,0.08,-0.5,-0.1,-0.6,0.9,"Indiana","G","6-5",200,"October 3, 1985","Western Kentucky University",5675000,77,"No"
"66","D.J. Augustin",28,"TOT",62,0,1178,13.9,0.48,0.366,0.8,8,4.4,25.3,1.6,0.3,17.1,18,113,111,2,0.6,2.6,0.106,1,-2.7,-1.7,0.1,"Louisiana","G","6-0",183,"November 10, 1987","University of Texas at Austin",3e+06,72,"No"
"67","Damian Lillard",25,"POR",75,75,2676,22.2,0.414,0.315,1.8,10.4,6.1,33.6,1.2,0.8,12.6,31.3,113,110,7.7,1.4,9.2,0.165,5.9,-2.2,3.7,3.8,"California","G","6-3",195,"July 15, 1990","Weber State University",4236287,75,"No"
"68","Damjan Rudez",29,"MIN",33,0,277,5.5,0.806,0.129,2.1,6.2,4.2,5.8,0.5,0.3,16.6,12.7,102,116,0.1,0,0.1,0.009,-1.2,-3.5,-4.7,-0.2,"Croatia","F","6-10",228,"June 17, 1986","",1149500,82,"Yes"
"69","Danilo Gallinari",27,"DEN",53,53,1839,19,0.341,0.617,3.1,14,8.5,11.8,1.1,0.8,8,23,120,111,5.4,0.9,6.3,0.165,2.9,-1.8,1.2,1.5,"Italy","F","6-10",225,"August 8, 1988","",1.4e+07,82,"Yes"
"70","Danny Green",28,"SAS",79,79,2062,10.5,0.622,0.082,2.7,13.6,8.4,9.3,2,2.4,11.4,14.6,99,99,0.2,4.1,4.2,0.099,-0.2,3,2.7,2.5,"New York","G-F","6-6",215,"June 22, 1987","University of North Carolina",1e+07,78,"No"
"71","Dante Cunningham",28,"NOP",80,46,1971,8.6,0.422,0.199,3.1,10.4,6.6,5.6,1.1,1.4,8.4,11,109,112,1.5,0.7,2.1,0.052,-1.1,-0.1,-1.2,0.4,"Maryland","F","6-8",230,"April 22, 1987","Villanova University",2850000,80,"No"
"72","Darrell Arthur",27,"DEN",70,16,1516,12.5,0.239,0.108,6.2,15.4,10.7,10,1.8,2.6,11.4,16.7,104,108,1,1.3,2.3,0.072,-1.2,0.8,-0.3,0.6,"Texas","F","6-9",235,"March 25, 1988","University of Kansas",2814000,81,"No"
"73","Darren Collison",28,"SAC",74,15,2219,15.9,0.28,0.291,1.4,6.8,4.1,21.7,1.6,0.1,12.9,19.2,115,112,4.5,0.7,5.2,0.113,1.8,-2.2,-0.4,0.9,"California","G","6-0",175,"August 23, 1987","University of California, Los Angeles",5013559,72,"No"
"74","David Lee",32,"TOT",55,5,903,19.6,0.003,0.278,12,24.6,18.3,15.5,1.2,2.5,14.9,21.5,111,103,1.7,1.4,3,0.161,-0.3,1.7,1.4,0.8,"California","F","6-9",245,"April 29, 1983","University of Florida",2085671,81,"No"
"75","David West",35,"SAS",78,19,1404,17.6,0.016,0.179,6,18.6,12.5,15.4,1.6,3,12.3,18,114,98,2.4,2.9,5.4,0.184,0.1,3.3,3.4,1.9,"New Jersey","F","6-9",250,"August 29, 1980","Xavier University",1499187,81,"No"
"76","DeJuan Blair",26,"WAS",29,0,218,5.4,0.015,0.191,10.1,19.4,14.6,7.3,1.8,0.7,16.9,17.8,85,105,-0.3,0.3,-0.1,-0.015,-6.3,-0.1,-6.4,-0.2,"Pennsylvania","F-C","6-7",270,"April 22, 1989","University of Pittsburgh",2e+06,79,"No"
"77","DeMar DeRozan",26,"TOR",78,78,2804,21.5,0.101,0.474,2.7,11.5,7.1,20.8,1.5,0.6,9.5,29.8,113,108,7.5,2.4,9.9,0.169,2.7,-1.2,1.4,2.4,"California","G","6-7",220,"August 7, 1989","University of Southern California",10050000,79,"No"
"78","DeMarcus Cousins",25,"SAC",65,65,2246,23.6,0.158,0.498,7.7,28.2,18,17,2.2,3.3,13.3,35.4,103,103,2.4,3.3,5.7,0.122,1,1.6,2.6,2.6,"Alabama","C-F","6-11",270,"August 13, 1990","University of Kentucky",15851950,83,"Yes"
"79","DeMarre Carroll",29,"TOR",26,22,786,11.9,0.437,0.185,4.6,13.1,8.9,5.5,2.9,0.6,8.8,18.5,100,104,0.2,1,1.2,0.074,0,0.3,0.2,0.4,"Alabama","F","6-8",212,"July 27, 1986","University of Missouri",13600000,80,"Yes"
"80","Dennis Schroder",22,"ATL",80,6,1621,15.5,0.306,0.233,1.7,11.8,6.9,36.1,2.1,0.4,17.5,28.8,97,103,-0.2,2.3,2.2,0.064,-0.5,-0.9,-1.4,0.3,"Germany","G","6-1",172,"September 15, 1993","",1763400,73,"Yes"
"81","Deron Williams",31,"DAL",65,63,2106,14.6,0.364,0.266,1,8.9,5,29.3,1.5,0.6,14.8,22,105,109,2.2,1.4,3.7,0.083,0.9,-1,-0.1,1,"West Virginia","G","6-3",200,"June 26, 1984","University of Illinois at Urbana-Champaign",5378974,75,"No"
"82","Derrick Rose",27,"CHI",66,66,2097,13.5,0.143,0.171,2.4,8.8,5.6,25.5,1.1,0.5,13.4,27.3,96,110,-0.8,1.2,0.4,0.009,-1.2,-2.1,-3.3,-0.7,"Illinois","G","6-3",190,"October 4, 1988","University of Memphis",20093064,75,"No"
"83","Derrick Williams",24,"NYK",80,9,1435,17.2,0.265,0.453,3.6,18.7,11.3,8.9,1,0.5,8.3,23.3,110,108,2.4,1.2,3.6,0.12,-0.1,-2.4,-2.6,-0.2,"California","F","6-8",240,"May 25, 1991","University of Arizona",4e+06,80,"No"
"84","Devin Harris",32,"DAL",64,0,1280,13.1,0.422,0.374,1.5,10.3,5.9,14.5,2.4,0.8,13.2,17.9,107,107,1.2,1.3,2.5,0.095,-0.1,0.4,0.3,0.7,"Wisvonsin","G","6-3",192,"February 27, 1983","University of Wisconsin",4053446,75,"No"
"85","Dion Waiters",24,"OKC",78,15,2152,9.4,0.34,0.222,1.9,8,5.1,10,1.9,0.5,13.4,17.7,99,108,0.3,1.8,2.1,0.046,-1.5,-0.6,-2.1,-0.1,"Pennsylvania","G","6-4",225,"December 10, 1991","Syracuse University",5138430,76,"No"
"86","Dirk Nowitzki",37,"DAL",75,75,2364,19,0.308,0.252,2.4,20.3,11.4,10.1,1.1,1.8,6.4,25.5,110,106,4.2,2.6,6.8,0.138,1.2,-0.3,0.9,1.7,"Germany","F","7-0",245,"June 19, 1978","",8333334,84,"Yes"
"87","Donatas Motiejunas",25,"HOU",37,22,547,11.3,0.278,0.259,7.4,14.6,11,12.2,1.5,0.8,16.2,21.4,98,110,0,0.3,0.3,0.026,-2.5,-1.9,-4.3,-0.3,"Lithuania","F-C","7-0",222,"September 20, 1990","",2288205,84,"Yes"
"88","Doug McDermott",24,"CHI",81,4,1861,10.9,0.402,0.13,2.1,8.8,5.5,5,0.4,0.2,7.2,17.3,110,112,2.1,0.7,2.8,0.073,-0.3,-2.8,-3.1,-0.5,"North Dakota","F","6-8",225,"January 3, 1992","Creighton University",2380440,80,"No"
"89","Draymond Green",25,"GSW",81,81,2808,19.3,0.315,0.402,5.5,23,14.7,29,2,3,21.2,18.8,115,100,6,5.1,11.1,0.19,2,3.9,5.8,5.5,"Michigan","F","6-7",230,"March 4, 1990","Michigan State University",14260870,79,"No"
"90","Drew Gooden",34,"WAS",30,0,305,7.5,0.398,0.136,10.1,21.3,15.6,6,1.3,2.9,10.6,17.5,85,104,-0.4,0.4,0,-0.005,-5.1,0.1,-5,-0.2,"California","F","6-10",250,"September 24, 1981","University of Kansas",3300000,82,"No"
"91","Dwight Howard",30,"HOU",71,71,2280,18.9,0.01,0.79,11.4,29.1,20.2,7,1.5,4.1,17,18.4,111,104,3.5,3.1,6.6,0.138,-1.1,1.8,0.6,1.5,"Georgia","C-F","6-11",265,"December 8, 1985","",22359364,83,"No"
"92","Dwyane Wade",34,"MIA",74,73,2258,20.3,0.037,0.343,4.3,10.7,7.6,27.4,1.8,1.4,13,31.6,103,106,2.4,2.6,4.9,0.105,0.9,-0.1,0.8,1.6,"Illinois","G","6-4",220,"January 17, 1982","Marquette University",2e+07,76,"No"
"93","E'Twaun Moore",26,"CHI",59,22,1263,11.4,0.267,0.09,1.6,9.3,5.5,12.1,1.5,1,11.6,15.9,105,109,0.9,1,1.8,0.07,-1.1,-0.7,-1.8,0.1,"Indiana","G","6-4",191,"February 28, 1989","Purdue University",1015421,76,"No"
"94","Ed Davis",26,"POR",81,0,1684,18.7,0,0.605,14.4,24.2,19.3,7.7,1.7,3.3,13,12.7,128,104,4.4,2.3,6.7,0.192,0.8,2.5,3.3,2.3,"District of Columbia","F","6-10",240,"June 5, 1989","University of North Carolina",6980802,82,"No"
"95","Elfrid Payton",21,"ORL",73,69,2145,13.9,0.126,0.26,3.9,9.6,6.7,32.8,2.1,0.8,17.9,20.4,100,108,0.5,1.7,2.2,0.05,-0.9,-0.5,-1.3,0.4,"Louisiana","G","6-4",185,"February 22, 1994","University of Louisiana at Lafayette",2505720,76,"No"
"96","Elliot Williams",26,"MEM",5,0,45,3.3,0.4,0.4,2.4,7.9,5.1,12.4,0,0,7.8,12.7,86,115,0,0,0,-0.046,-5.2,-3.5,-8.7,-0.1,"Tennessee","G","6-5",190,"June 20, 1989","University of Memphis",55722,77,"No"
"97","Enes Kanter",23,"OKC",82,1,1721,24,0.029,0.349,16.7,24.9,21,3.1,0.7,1.5,12.2,23.4,123,105,6,2.1,8.1,0.226,1.3,-3.1,-1.7,0.1,"Switzerland","C","6-11",245,"May 20, 1992","",16407500,83,"Yes"
"98","Eric Gordon",27,"NOP",45,44,1481,13.5,0.533,0.226,0.7,6.9,3.7,12.7,1.4,0.8,10.7,20.3,108,113,1.7,0.4,2.1,0.069,1.6,-2.2,-0.6,0.5,"Indiana","G","6-4",215,"December 25, 1988","Indiana University",15514031,76,"No"
"99","Erick Green",24,"TOT",9,0,42,12.4,0.385,0.154,8.4,8.2,8.3,11,1.3,0,0,15.2,117,109,0.1,0,0.1,0.121,0.1,-2.2,-2,0,"California","G","6-4",185,"May 9, 1991","Virginia Polytechnic Institute and State University",99418,76,"No"
"100","Ersan Ilyasova",28,"TOT",74,56,1881,14.2,0.392,0.233,8.1,15.6,11.7,5.6,1.4,1.4,8.9,18.6,109,106,2.4,2,4.4,0.113,0.4,-0.3,0.1,1,"Turkey","F","6-10",235,"May 15, 1987","",7900000,82,"Yes"
"101","Evan Fournier",23,"ORL",79,71,2566,14.6,0.42,0.256,1.4,8.4,4.9,12.8,1.9,0.1,11.4,20.1,111,110,4,1.7,5.7,0.106,2.1,-1.5,0.7,1.7,"France","G-F","6-7",205,"October 29, 1992","",2288205,79,"Yes"
"102","Evan Turner",27,"BOS",81,12,2271,13.6,0.11,0.238,2.3,16.5,9.3,23.9,1.7,1,16.9,18.8,102,104,1,3,4,0.085,-1.9,1.3,-0.7,0.8,"Illinois","G","6-7",220,"October 27, 1988","Ohio State University",3425510,79,"No"
"103","Festus Ezeli",26,"GSW",46,13,770,17.7,0,0.579,13.5,21.9,18,5.8,1.1,4.8,11.7,18.2,114,101,1.4,1.3,2.7,0.171,-1.5,1.4,-0.1,0.4,"Nigeria","C","6-11",255,"October 21, 1989","Vanderbilt University",2008748,83,"Yes"
"104","Garrett Temple",29,"WAS",80,43,1951,9.3,0.511,0.248,2,10.3,6.1,10,1.7,0.7,10.3,14,104,108,1,1.7,2.7,0.066,-1,0.1,-1,0.5,"Louisiana","G","6-6",195,"May 8, 1986","Louisiana State University",1100602,78,"No"
"105","Gary Harris",21,"DEN",76,76,2439,12.7,0.388,0.174,2.4,7.7,5,9.5,2,0.6,10.6,16.5,110,111,2.8,1.2,4,0.079,0.9,-0.7,0.2,1.3,"Indiana","G","6-4",210,"September 14, 1994","Michigan State University",1584480,76,"No"
"106","Gary Neal",31,"WAS",40,2,807,13.5,0.308,0.169,1.5,10.2,5.8,9.2,1.2,0.1,7.7,20.5,107,109,0.9,0.5,1.4,0.085,-0.5,-2.3,-2.8,-0.2,"Maryland","G","6-4",210,"October 3, 1984","Towson University",2139000,76,"No"
"107","Gerald Henderson",28,"POR",72,0,1431,12.9,0.257,0.276,2.3,13.7,8,8.2,1.4,1,10.3,20.2,104,109,1,1,2,0.068,-1.9,-1.4,-3.3,-0.5,"New Jersey","G","6-5",215,"December 9, 1987","Duke University",6e+06,77,"No"
"108","Giannis Antetokounmpo",21,"MIL",80,79,2823,18.8,0.108,0.404,4.6,20,12.4,20,1.7,3.4,14.8,22.3,109,106,4.2,2.9,7.1,0.121,1,1.5,2.4,3.2,"Greece","F-G","6-11",222,"December 6, 1994","",1953960,83,"Yes"
"109","Goran Dragic",29,"MIA",72,72,2363,15.5,0.234,0.189,2.7,10.4,6.6,28.7,1.5,0.6,16.3,21.9,105,107,2.4,2.3,4.7,0.096,1.3,-0.6,0.7,1.6,"Slovenia","G","6-3",190,"May 6, 1986","",14783000,75,"Yes"
"110","Gordon Hayward",25,"UTA",80,80,2893,18.3,0.341,0.397,2.5,13.5,8,18.2,1.7,0.8,12.5,25.7,110,105,5.5,3.4,8.9,0.147,2.6,-0.1,2.5,3.3,"Indiana","F-G","6-8",226,"March 23, 1990","Butler University",15409570,80,"No"
"111","Gorgui Dieng",26,"MIN",82,39,2220,17.1,0.035,0.428,8.3,22.1,15.3,10.1,2.1,3.5,16.9,16.7,113,106,3.4,2.5,5.9,0.127,0,2.4,2.4,2.5,"Senegal","C","6-11",241,"January 18, 1990","University of Louisville",1474440,83,"Yes"
"112","Greivis Vasquez",29,"MIL",23,0,460,7.4,0.529,0.188,1.3,10.3,5.8,28.5,1.1,0,21.1,18.5,90,113,-0.4,0.1,-0.3,-0.033,-3,-3.9,-6.9,-0.6,"Venezuela","G","6-6",217,"January 16, 1987","University of Maryland",6600000,78,"Yes"
"113","Harrison Barnes",23,"GSW",66,59,2042,12.3,0.338,0.212,4.3,12.4,8.6,7.8,1,0.4,7.6,15.9,114,107,3.1,1.9,4.9,0.116,0.4,-0.6,-0.2,0.9,"Iowa","F","6-8",210,"May 30, 1992","University of North Carolina",3873398,80,"No"
"114","Ian Mahinmi",29,"IND",71,71,1816,16.6,0,0.502,8.3,22.1,15.3,8.9,1.8,3.3,15.5,15.7,114,100,2.9,3.3,6.2,0.163,-0.9,3.3,2.4,2,"France","C","6-11",250,"November 5, 1986","",4e+06,83,"Yes"
"115","Iman Shumpert",25,"CLE",54,5,1316,8.4,0.479,0.167,2.8,14.6,8.7,9.8,2.1,1.2,14.8,13.2,97,103,-0.1,1.8,1.7,0.063,-2.1,1.9,-0.2,0.6,"Illinois","G","6-5",220,"June 26, 1990","Georgia Institute of Technology",8988765,77,"No"
"116","Isaiah Thomas",26,"BOS",82,79,2644,21.5,0.336,0.394,1.8,8,4.9,32.7,1.7,0.3,11.9,29.6,113,107,7.2,2.5,9.7,0.177,5,-2,3,3.3,"Washington","G","5-9",185,"February 7, 1989","University of Washington",6912869,69,"No"
"117","J.J. Barea",31,"DAL",74,16,1667,15.4,0.366,0.135,1.7,8.3,5,31.5,0.8,0.1,13,23.8,106,111,2.1,0.7,2.8,0.082,1.6,-2.8,-1.2,0.3,"Puerto Rico","G","6-0",185,"June 26, 1984","Northeastern University",4290000,72,"Yes"
"118","J.J. Redick",31,"LAC",75,75,2097,17.5,0.478,0.233,0.5,6.6,3.6,8.6,1,0.2,7.4,22.6,118,109,5.3,1.4,6.7,0.154,3.5,-2.7,0.8,1.5,"Tennessee","G","6-4",190,"June 24, 1984","Duke University",7085000,76,"No"
"119","Jabari Parker",20,"MIL",76,72,2408,14.8,0.039,0.254,5.9,12.8,9.4,8.9,1.5,1,10.4,20.9,106,111,2.4,1.2,3.6,0.072,-0.9,-1.5,-2.4,-0.2,"Illinois","F","6-8",250,"March 15, 1995","Duke University",5152440,80,"No"
"120","Jae Crowder",25,"BOS",73,73,2308,15.8,0.446,0.294,3.2,14.2,8.6,8.9,2.7,1.2,8.3,18.5,113,102,3.8,3.5,7.3,0.152,1.5,1.3,2.8,2.8,"Georgia","F","6-6",235,"July 6, 1990","Marquette University",6796117,78,"No"
"121","JaKarr Sampson",22,"TOT",73,40,1160,8.3,0.199,0.385,4.2,14,9,6.2,1,2.2,15.9,16.6,94,110,-0.5,0.6,0.1,0.006,-4.6,-0.8,-5.4,-1,"Ohio","G-F","6-9",214,"March 20, 1993","St. John's University",258489,81,"No"
"122","Jamal Crawford",35,"LAC",79,5,2126,14,0.366,0.289,1,6.3,3.7,14,1.2,0.4,9.6,24.9,104,109,1.8,1.5,3.3,0.076,-0.2,-2.4,-2.6,-0.3,"Washington","G","6-5",195,"March 20, 1980","University of Michigan",5675000,77,"No"
"123","Jameer Nelson",33,"DEN",39,15,1036,9.5,0.469,0.114,2,10.4,6.2,27.3,1.2,0.4,17,16.4,99,112,0.1,0.4,0.5,0.024,-1.2,-1.9,-3.1,-0.3,"Pennsylvania","G","6-0",190,"February 9, 1982","Saint Joseph's University",4345000,72,"No"
"124","James Anderson",26,"SAC",51,15,721,6,0.483,0.163,2,10.9,6.5,7.7,1.4,1.6,18,13.7,87,111,-0.6,0.4,-0.3,-0.017,-3.9,-0.3,-4.2,-0.4,"Arkansas","G-F","6-6",213,"March 25, 1989","Oklahoma State University",1015421,78,"No"
"125","James Ennis",25,"TOT",22,5,329,17.8,0.513,0.301,6.9,7.4,7.1,10.1,2.4,1.3,12.9,19.8,116,110,0.7,0.2,0.9,0.133,3.4,-1,2.4,0.4,"California","F","6-7",210,"July 1, 1990","California State University, Long Beach",845059,79,"No"
"126","James Harden",26,"HOU",82,82,3125,25.3,0.406,0.518,2.2,15.6,8.8,35.4,2.2,1.4,15.9,32.5,115,108,10.7,2.6,13.3,0.204,7.1,-0.4,6.7,6.9,"California","G","6-5",220,"August 26, 1989","Arizona State University",15756438,77,"No"
"127","James Johnson",28,"TOR",57,32,926,11.4,0.275,0.283,3.5,11.9,7.8,11.4,1.6,2.9,16.7,15.9,101,106,0.3,1,1.3,0.068,-1.7,1,-0.6,0.3,"Wyoming","F","6-9",250,"February 20, 1987","Wake Forest University",2500000,81,"No"
"128","James Young",20,"BOS",29,0,199,3.6,0.722,0.111,2.1,11.9,6.9,6,1.5,0.4,11.7,9.1,84,106,-0.2,0.2,0.1,0.013,-4.7,0.1,-4.6,-0.1,"Michigan","G-F","6-6",215,"August 16, 1995","University of Kentucky",1749840,78,"No"
"129","JaMychal Green",25,"MEM",78,15,1446,14.6,0.091,0.277,10.5,19.3,14.7,7.7,1.6,2.1,13,19.8,105,107,1.2,1.4,2.6,0.086,-1.6,-0.3,-1.9,0,"Alabama","F","6-9",227,"June 21, 1990","University of Alabama",845059,81,"Yes"
"130","Jared Dudley",30,"WAS",81,41,2098,11.7,0.489,0.201,2.8,12.6,7.6,11.4,1.7,0.7,13.1,12.7,114,107,2.6,2,4.6,0.105,0.3,0.6,1,1.6,"California","F-G","6-7",225,"July 10, 1985","Boston College",4375000,79,"No"
"131","Jared Sullinger",23,"BOS",81,73,1915,16.7,0.128,0.2,10.6,27,18.7,15.5,1.9,1.9,10.4,21.8,103,100,1.3,3.6,4.8,0.121,-1.2,2.3,1.1,1.5,"Ohio","F","6-9",260,"March 4, 1992","Ohio State University",2569260,81,"No"
"132","Jarnell Stokes",22,"TOT",7,0,18,20,0,0.4,6.1,18.8,12.6,9.6,2.8,0,0,14.9,131,103,0.1,0,0.1,0.209,-0.1,-1,-1,0,"Tennessee","F-C","6-9",263,"January 7, 1994","University of Tennessee",845059,81,"No"
"133","Jarrett Jack",32,"BRK",32,32,1027,14.5,0.285,0.313,1,14.1,7.4,35,1.7,0.6,18.8,21.7,101,112,0.5,0.4,0.9,0.043,0,-1.4,-1.4,0.2,"Maryland","G","6-3",200,"October 28, 1983","Georgia Institute of Technology",6300000,75,"No"
"134","Jason Smith",29,"ORL",76,2,1181,14.6,0.032,0.133,4.9,15.8,10.3,8.6,1.4,4.6,9.7,22.1,100,105,0.4,1.4,1.8,0.072,-3.1,0.6,-2.5,-0.1,"Colorado","F-C","7-0",245,"March 2, 1986","Colorado State University",4300000,84,"No"
"135","Jason Thompson",29,"TOT",47,7,471,14.2,0.139,0.5,7.9,23.4,15.9,8.5,1.3,3.3,10.2,13.9,119,102,0.9,0.7,1.6,0.165,-1.3,1.6,0.3,0.3,"New Jersey","F-C","6-11",250,"July 21, 1986","Rider University",245177,83,"No"
"136","JaVale McGee",28,"DAL",34,2,370,19.9,0.007,0.269,15.8,23.7,19.7,1.5,0.7,5.9,12.3,21.1,110,103,0.6,0.5,1.1,0.146,-2.9,-0.6,-3.5,-0.1,"Michigan","C","7-0",270,"January 19, 1988","University of Nevada, Reno",1270964,84,"No"
"137","Jeff Ayres",28,"LAC",17,0,107,8.3,0.043,0.261,4.1,18.1,11.2,6.9,0,2.2,19,13.4,105,106,0.1,0.1,0.2,0.077,-4.7,0.1,-4.6,-0.1,"California","F","6-9",240,"April 29, 1987","Arizona State University",111444,81,"No"
"138","Jeff Green",29,"TOT",80,41,2253,13,0.258,0.267,3.6,13.3,8.3,10,1.3,1.5,9.2,20.2,103,109,1.3,1.7,3.1,0.065,-1,-0.7,-1.7,0.2,"Maryland","F","6-9",235,"August 28, 1986","Georgetown University",9450000,81,"No"
"139","Jeff Teague",27,"ATL",79,78,2255,17.9,0.278,0.316,1.6,8.6,5.2,34.4,2.1,0.8,16.2,26.6,105,104,2.8,3,5.9,0.125,1.2,-0.9,0.3,1.3,"Indiana","G","6-2",186,"June 10, 1988","Wake Forest University",8e+06,74,"No"
"140","Jeff Withey",25,"UTA",51,10,658,17.7,0.012,0.364,10,20.7,15.4,5,1.7,6.8,13,15.1,115,99,1.1,1.3,2.3,0.171,-2,3.7,1.7,0.6,"California","C","7-0",231,"March 7, 1990","University of Kansas",947276,84,"No"
"141","Jerami Grant",21,"PHI",77,52,2066,12.6,0.244,0.538,5,14.3,9.5,10.4,1.3,4.7,12.9,18,100,108,0.5,1.6,2.1,0.05,-2.6,1.3,-1.3,0.4,"Oregon","F","6-8",210,"March 12, 1994","Syracuse University",845059,80,"No"
"142","Jeremy Lamb",23,"CHO",66,0,1227,15.9,0.355,0.173,3.9,18.7,11.2,10.9,1.7,2,8.4,22,104,103,1,1.8,2.7,0.107,-0.6,0.1,-0.5,0.4,"Virginia","G-F","6-5",185,"May 30, 1992","University of Connecticut",3034356,77,"No"
"143","Jeremy Lin",27,"CHO",78,13,2048,13.8,0.31,0.401,2.2,11.4,6.8,18.6,1.4,1.7,14.9,22.2,102,106,1.3,2.3,3.5,0.082,-0.9,-0.2,-1.1,0.5,"California","G","6-3",200,"August 23, 1988","Harvard University",2139000,75,"No"
"144","Jerryd Bayless",27,"MIL",52,18,1505,12.4,0.529,0.206,1.6,9,5.4,16.2,1.6,0.6,13.3,16.4,110,112,1.8,0.6,2.4,0.075,1.1,-2.1,-1,0.4,"Arizona","G","6-3",200,"August 20, 1988","University of Arizona",3e+06,75,"No"
"145","Jimmer Fredette",26,"TOT",6,0,18,12,0.4,1,0,0,0,7.7,2.8,0,21.7,22.8,94,111,0,0,0,0,-2.3,-5.3,-7.5,0,"New York","G","6-2",195,"February 25, 1989","Brigham Young University",874837,74,"No"
"146","Jimmy Butler",26,"CHI",67,67,2474,21.3,0.198,0.459,3.4,11.6,7.6,21.4,2.2,1.3,9.6,24.4,116,106,6.5,2.7,9.1,0.177,3.6,0.3,4,3.7,"Texas","G-F","6-7",220,"September 14, 1989","Marquette University",16407500,79,"No"
"147","Joakim Noah",30,"CHI",29,2,635,14.1,0.008,0.338,14.7,27.3,21.1,24.2,1.4,3.3,25.4,14.2,98,101,0,1.1,1.1,0.079,-2.3,4.3,1.9,0.6,"New York","C","6-11",232,"February 25, 1985","University of Florida",13400000,83,"No"
"148","Jodie Meeks",28,"DET",3,0,43,13.5,0.45,0.2,2.4,10.6,6.3,11.3,0,0,4.4,23.1,111,111,0.1,0,0.1,0.107,0.1,-4.2,-4.1,0,"Georgia","G","6-4",208,"August 21, 1987","University of Kentucky",6270000,76,"No"
"149","Joe Ingles",28,"UTA",81,2,1241,10.3,0.722,0.062,1.8,12.4,7.1,12.1,2.3,0.3,17.9,13.5,105,105,0.7,1.6,2.3,0.089,-0.3,0.4,0.1,0.7,"Australia","F-G","6-8",226,"October 2, 1987","",2050000,80,"Yes"
"150","Joe Johnson",34,"TOT",81,81,2703,12,0.364,0.165,2,10.2,6.1,18,1.1,0.1,14.7,17.9,104,113,1.9,0.8,2.7,0.048,0.3,-1.6,-1.3,0.4,"Arkansas","G-F","6-7",240,"June 29, 1981","University of Arkansas",261894,79,"No"
"151","Joel Anthony",33,"DET",19,0,96,14.1,0,0.8,8.8,15.4,11.9,1.4,1.1,9.5,12.9,7,136,99,0.2,0.2,0.4,0.177,-2.8,5,2.2,0.1,"Canada","C","6-9",245,"August 9, 1982","University of Nevada, Las Vegas",2500000,81,"Yes"
"152","Joffrey Lauvergne",24,"DEN",59,15,1041,15.7,0.139,0.182,8.1,23.1,15.4,9.1,0.6,1.2,11.6,19.5,111,109,1.6,0.7,2.3,0.105,-0.9,-1.4,-2.3,-0.1,"France","F","6-11",220,"September 30, 1991","",1709719,83,"Yes"
"153","John Henson",25,"MIL",57,1,960,18.6,0.003,0.402,10.4,15.8,13.2,9,1,9.7,15.7,19.1,108,105,1.2,1.1,2.3,0.117,-1.5,3.1,1.6,0.9,"North Carolina","F","6-11",229,"December 28, 1990","University of North Carolina",2943221,83,"No"
"154","John Jenkins",24,"TOT",43,3,480,10,0.319,0.15,1.8,11.3,6.5,11.7,0.8,0.2,13.7,18.1,99,112,0,0.2,0.2,0.022,-3,-2.4,-5.4,-0.4,"Tennessee","G","6-4",215,"March 6, 1991","Vanderbilt University",981348,76,"No"
"155","John Wall",25,"WAS",77,77,2784,19.8,0.243,0.255,1.7,13.8,7.6,46.2,2.5,1.7,17.5,28.6,102,104,2.2,3.5,5.7,0.098,2.2,1,3.2,3.7,"North Carolina","G","6-4",195,"September 6, 1990","University of Kentucky",15851950,76,"No"
"156","Jon Leuer",26,"PHO",67,27,1255,16.2,0.236,0.217,6.4,26.3,16.1,9.6,1.5,2,12.8,19.8,107,106,1.4,1.3,2.7,0.103,-1.3,0.3,-1,0.3,"Minnesota","F","6-10",228,"May 14, 1989","University of Wisconsin",1035000,82,"No"
"157","Jonas Jerebko",28,"BOS",78,0,1176,10.3,0.378,0.273,6.8,19.4,13,7.4,0.8,1.6,14,13.5,107,104,0.9,1.5,2.4,0.097,-2.5,0.4,-2,0,"Sweden","F","6-10",231,"March 2, 1987","",5e+06,82,"Yes"
"158","Jonas Valanciunas",23,"TOR",60,59,1557,22.6,0,0.397,13.8,26.3,20.1,4.8,0.8,4.2,11.9,20.9,120,102,4.5,2.4,6.9,0.211,0.7,0.4,1.1,1.2,"Lithuania","C","7-0",255,"May 6, 1992","",4660482,84,"Yes"
"159","Jordan Adams",21,"MEM",2,0,15,17.3,0.167,0.833,0,15.9,7.6,31.9,10.3,0,19.6,30.5,84,90,0,0,0,0.015,-2.9,4.8,1.9,0,"Georgia","G","6-5",209,"July 8, 1994","University of California, Los Angeles",1404600,77,"No"
"160","Jorge Gutierrez",27,"CHO",12,0,63,19.1,0.182,1,0,12.3,6.1,40.3,2.4,0,27.5,15.6,124,105,0.2,0.1,0.3,0.201,-0.8,-2.4,-3.2,0,"Mexico","G","6-3",191,"December 27, 1988","University of California",947276,75,"Yes"
"161","Jose Calderon",34,"NYK",72,72,2024,12.3,0.446,0.105,1.2,11,6.2,22.4,1.6,0.3,15.4,12.6,114,109,2.7,1.4,4,0.096,0.5,-0.6,-0.1,1,"Spain","G","6-3",200,"September 28, 1981","",7402812,75,"Yes"
"162","Josh McRoberts",28,"MIA",42,1,595,9.9,0.331,0.27,4.3,15.3,10,19.4,1.6,0.9,15.3,15,99,105,0.1,0.7,0.8,0.064,-1.9,0.6,-1.4,0.1,"Indiana","F","6-10",240,"February 28, 1987","Duke University",5543725,82,"No"
"163","Jrue Holiday",25,"NOP",65,23,1831,19.7,0.277,0.231,1.6,10.5,5.9,37.3,2.4,1,14,28.9,105,109,2.2,1.2,3.4,0.089,3.1,-1.3,1.7,1.7,"California","G","6-4",205,"June 12, 1990","University of California, Los Angeles",10595507,76,"No"
"164","Julius Randle",21,"LAL",81,60,2286,13.9,0.043,0.323,7.8,32,19.5,11,1.2,1,13.5,21.2,97,108,-0.3,1.9,1.6,0.035,-3.7,0,-3.6,-0.9,"Texas","F","6-9",250,"November 29, 1994","University of Kentucky",3132240,81,"No"
"165","Jusuf Nurkic",21,"DEN",32,3,547,15.9,0.012,0.409,12.9,22.7,17.7,12.3,2.2,6.5,16.1,27.2,92,102,-0.5,0.9,0.4,0.031,-4.1,2.8,-1.3,0.1,"Bosnia and Herzegovina","C","7-0",280,"August 23, 1994","",1842000,84,"Yes"
"166","K.J. McDaniels",22,"HOU",37,1,235,10.6,0.347,0.417,7.5,12.3,9.9,6.5,1.5,2.1,16.6,18.7,101,110,0.1,0.1,0.2,0.043,-3.1,-1.9,-5,-0.2,"Alabama","G-F","6-6",205,"February 9, 1993","Clemson University",3189794,78,"Yes"
"167","Kawhi Leonard",24,"SAS",72,72,2380,26,0.267,0.306,4.7,18.4,11.8,13,2.8,2.3,7.8,25.8,121,96,8.3,5.5,13.7,0.277,5.5,2.8,8.3,6.2,"California","F","6-7",230,"June 29, 1991","San Diego State University",16407500,79,"No"
"168","Kelly Olynyk",24,"BOS",69,8,1395,16.3,0.378,0.23,5.4,16.2,10.7,11.9,1.8,1.8,10.8,20.9,110,103,2.1,2,4.1,0.141,0.8,0.4,1.2,1.1,"Canada","F","7-0",238,"April 19, 1991","Gonzaga University",2165160,84,"Yes"
"169","Kemba Walker",25,"CHO",81,81,2885,20.8,0.368,0.329,2.1,11.5,6.8,25.7,2.2,1.1,10.1,26.5,112,105,6.3,3.6,9.9,0.165,4,0,4,4.4,"New York","G","6-1",172,"May 8, 1990","University of Connecticut",1.2e+07,73,"No"
"170","Kendall Marshall",24,"PHI",30,6,400,6.7,0.415,0.11,0.5,7.3,3.8,28.4,2,0.4,25.8,18.3,84,112,-0.7,0.1,-0.5,-0.064,-5.5,-3.3,-8.8,-0.7,"Virginia","G","6-4",200,"August 19, 1991","University of North Carolina",2144772,76,"No"
"171","Kendrick Perkins",31,"NOP",37,5,542,6,0,0.333,4.9,21.8,13.1,7.9,1,1.7,32.3,10.4,86,109,-0.4,0.4,-0.1,-0.007,-5.6,1.3,-4.3,-0.3,"Texas","C","6-10",270,"November 10, 1984","",947276,82,"No"
"172","Kenneth Faried",26,"DEN",67,64,1694,21,0.003,0.355,15.1,23,19,8.1,0.9,2.9,11.2,21,116,107,4,1.5,5.5,0.156,1,-0.1,0.9,1.2,"New Jersey","F","6-8",228,"November 19, 1989","Morehead State University",11235955,80,"No"
"173","Kent Bazemore",26,"ATL",75,68,2083,13.4,0.421,0.208,1.5,18,9.9,12.7,2.3,1.4,14.8,20,99,100,0.3,3.8,4.1,0.094,-1.3,1.6,0.3,1.2,"North Carolina","G-F","6-5",201,"July 1, 1989","Old Dominion University",2e+06,77,"No"
"174","Kentavious Caldwell-Pope",22,"DET",76,76,2789,12.4,0.384,0.238,2.6,8.6,5.5,7.8,2,0.5,9,18.2,107,107,2.6,2.7,5.3,0.092,0.6,0.6,1.1,2.2,"Georgia","G","6-5",205,"February 18, 1993","University of Georgia",2891760,77,"No"
"175","Kevin Durant",27,"OKC",72,72,2578,28.2,0.348,0.361,2,21.8,12.4,24.2,1.3,2.5,13.5,30.6,122,104,11,3.5,14.5,0.27,7,0.9,7.9,6.4,"District of Columbia","F","6-9",240,"September 29, 1988","University of Texas at Austin",20158622,81,"No"
"176","Kevin Garnett",39,"MIN",38,38,556,12.3,0.009,0.183,3.2,27.9,15.7,16.4,2.5,1.5,11.4,11.3,107,105,0.4,0.7,1.1,0.092,-2.5,2.5,0,0.3,"South carolina","F","6-11",240,"May 19, 1976","",8500000,83,"No"
"177","Kevin Love",27,"CLE",77,77,2424,19,0.449,0.321,7,28.4,17.8,12.2,1.2,1.4,11.3,23.4,112,102,4.7,3.8,8.5,0.169,1.7,0.9,2.5,2.8,"California","F","6-10",251,"September 7, 1988","University of California, Los Angeles",19689000,82,"No"
"178","Kevin Martin",32,"TOT",55,13,1095,11.5,0.325,0.411,1.5,10,5.8,8.2,1.2,0.2,9.8,22.6,103,111,0.7,0.5,1.2,0.054,-1.4,-3.1,-4.5,-0.7,"Ohio","G","6-7",199,"February 1, 1983","Western Carolina University",7085000,79,"No"
"179","Khris Middleton",24,"MIL",79,79,2852,16.8,0.316,0.273,1.8,10.2,6,18.9,2.3,0.6,12.3,23,109,110,4.3,1.8,6.1,0.103,2.2,-1.6,0.6,1.9,"South Carolina","F-G","6-8",234,"August 12, 1991","Texas A&M University",14700000,80,"No"
"180","Kirk Hinrich",35,"TOT",46,7,631,7.2,0.481,0.124,1.4,10.2,5.9,16,1.2,0.2,18.1,11.6,101,109,0.1,0.5,0.6,0.044,-2.7,-1,-3.7,-0.3,"Iowa","G","6-4",190,"January 2, 1981","University of Kansas",2854940,76,"No"
"181","Klay Thompson",25,"GSW",80,80,2666,18.6,0.469,0.159,1.5,10.3,6.2,9.8,1.1,1.4,8.5,26.3,112,107,5.4,2.6,8,0.144,2.9,-2.2,0.7,1.8,"California","G","6-7",205,"February 8, 1990","Washington State University",15501000,79,"No"
"182","Kobe Bryant",37,"LAL",66,66,1863,14.9,0.42,0.252,2.3,12.3,7.1,19.1,1.7,0.5,9.4,32.2,95,113,-0.9,0.5,-0.4,-0.01,0.8,-3.3,-2.5,-0.2,"Pennsylvania","G-F","6-6",212,"August 23, 1978","",2.5e+07,78,"No"
"183","Kosta Koufos",26,"SAC",78,14,1482,15.1,0,0.234,12.4,18.4,15.4,3.3,1.3,3.8,8.9,15.4,113,107,2.1,1.4,3.5,0.113,-1.6,0.4,-1.2,0.3,"Ohio","C","7-0",265,"February 24, 1989","Ohio State University",7700000,84,"No"
"184","Kostas Papanikolaou",25,"DEN",26,6,294,6,0.485,0.212,3,12.3,7.5,7.8,2.2,1.4,22.5,13.9,83,109,-0.4,0.2,-0.1,-0.022,-4.5,0.1,-4.3,-0.2,"Greece","F","6-8",225,"July 31, 1990","",800321,80,"Yes"
"185","Kris Humphries",30,"TOT",53,17,835,13.1,0.366,0.285,7.5,21.5,14.4,6.6,0.9,2.2,10.3,19.5,104,104,0.5,1.1,1.6,0.093,-2.2,-0.7,-2.9,-0.2,"Minnesota","F","6-9",235,"February 6, 1985","University of Minnesota",1e+06,81,"No"
"186","Kyle Anderson",22,"SAS",78,11,1245,12.9,0.125,0.281,2.4,19.4,11.2,13.7,2.5,1.8,15.1,14.4,104,97,0.7,2.8,3.5,0.133,-1.9,3.7,1.8,1.2,"New York","G-F","6-9",230,"September 20, 1993","University of California, Los Angeles",1142880,81,"No"
"187","Kyle Korver",34,"ATL",80,80,2401,9.7,0.644,0.088,0.7,10.9,5.9,9.9,1.2,1.1,13.3,13.7,104,105,1.2,2.9,4.1,0.081,-0.7,0.5,-0.2,1.1,"California","G-F","6-7",212,"March 17, 1981","Creighton University",5746479,79,"No"
"188","Kyle Lowry",29,"TOR",77,77,2851,22.2,0.457,0.41,2.2,12.3,7.3,29.9,2.9,1,13.7,26.1,115,104,8,3.7,11.6,0.196,6.2,0.6,6.8,6.3,"Pennsylvania","G","6-0",205,"March 25, 1986","Villanova University",1.2e+07,72,"No"
"189","Kyle O'Quinn",25,"NYK",65,1,764,17.5,0.081,0.221,11,24.5,17.9,15.9,1.3,4.9,17,21.2,102,102,0.5,1.2,1.6,0.103,-1.8,2.5,0.7,0.5,"New York","C","6-10",250,"March 26, 1990","Norfolk State University",3750000,82,"No"
"190","Kyle Singler",27,"OKC",68,2,977,6.6,0.439,0.199,5.9,9.6,7.9,3.2,1.5,0.7,11.7,11.9,102,108,0.3,0.8,1.1,0.054,-1.7,-0.8,-2.5,-0.1,"Oregon","F","6-8",228,"May 4, 1988","Duke University",4500000,80,"No"
"191","Kyrie Irving",23,"CLE",53,53,1667,19.9,0.298,0.217,3,7.6,5.3,26.6,1.7,0.9,11.4,29.5,109,106,3.2,1.7,5,0.143,3,-1.4,1.6,1.5,"Australia","G","6-3",193,"March 23, 1992","Duke University",16407501,75,"Yes"
"192","LaMarcus Aldridge",30,"SAS",74,74,2261,22.4,0.015,0.289,9.2,22.2,15.9,8.1,0.9,2.8,7.8,25.9,114,99,5.6,4.5,10.1,0.215,0.7,1.1,1.8,2.2,"Texas","F","6-11",240,"July 19, 1985","University of Texas at Austin",19689000,83,"No"
"193","Lance Stephenson",25,"TOT",69,13,1372,13.5,0.165,0.234,3.2,15.1,9.1,16.2,1.6,0.6,15.2,20.2,103,107,0.9,1.3,2.2,0.076,-1.1,-0.3,-1.4,0.2,"New York","G-F","6-5",230,"September 5, 1990","University of Cincinnati",9e+06,77,"No"
"194","Lance Thomas",27,"NYK",59,5,1313,10.4,0.285,0.312,2.9,8,5.4,6.4,0.9,0.4,11.6,16.9,107,112,1.2,0.5,1.7,0.062,-1.2,-2.1,-3.2,-0.4,"New York","F","6-8",235,"April 24, 1988","Duke University",1636842,80,"No"
"195","Langston Galloway",24,"NYK",82,7,2033,11.7,0.381,0.194,2.3,13,7.7,15.7,1.9,0.8,8.7,15.6,105,108,1.4,1.8,3.3,0.077,-0.4,0.1,-0.4,0.8,"Louisiana","G","6-2",200,"December 9, 1991","Saint Joseph's University",845059,74,"No"
"196","Lavoy Allen",26,"IND",79,28,1599,12.4,0,0.197,11.1,17.8,14.5,7.1,0.8,2.1,14.6,13,110,104,1.6,2.1,3.7,0.11,-2.1,1.4,-0.6,0.6,"Pennsylvania","F-C","6-9",255,"February 4, 1989","Temple University",4050000,81,"No"
"197","Leandro Barbosa",33,"GSW",68,0,1079,11.7,0.297,0.168,3,8.4,5.8,10.6,2,0.7,11.8,18.1,106,106,0.9,1.2,2.1,0.092,-1.2,-0.9,-2.1,0,"Brazil","G","6-3",194,"November 28, 1982","",2500000,75,"Yes"
"198","LeBron James",31,"CLE",76,76,2709,27.5,0.199,0.347,4.7,18.8,11.8,36,2,1.5,13.2,31.4,116,103,9.6,4,13.6,0.242,6.9,2.3,9.1,7.6,"Ohio","F-G","6-8",250,"December 30, 1984","",22970500,80,"No"
"199","Lorenzo Brown",25,"PHO",8,0,61,4.4,0.32,0.16,0,12.8,6.2,28,2.4,1.3,25.2,24.9,72,108,-0.3,0.1,-0.2,-0.157,-8.1,-1.4,-9.5,-0.1,"Georgia","G","6-5",189,"August 26, 1990","North Carolina State University",111444,77,"No"
"200","Lou Amundson",33,"NYK",29,0,204,6.7,0,0.509,12.5,13.7,13.1,8.8,1.5,2.6,18.8,17.7,87,106,-0.3,0.2,-0.1,-0.014,-5.3,0.4,-5,-0.2,"California","F","6-9",220,"December 7, 1982","University of Nevada, Las Vegas",1635476,81,"No"
"201","Lucas Nogueira",23,"TOR",29,1,225,15.6,0.068,0.341,9.3,14,11.7,4.9,2.8,4.4,17.9,12.4,117,101,0.3,0.4,0.7,0.154,-0.4,2.9,2.6,0.3,"Brazil","C","7-0",220,"July 26, 1992","",1842000,84,"Yes"
"202","Luis Scola",35,"TOR",76,76,1636,13.6,0.269,0.14,6,19,12.6,6.8,1.5,1.4,9.7,19.5,105,105,1.4,1.9,3.3,0.098,-0.8,-0.4,-1.2,0.3,"Argentina","F","6-9",240,"April 30, 1980","",2900000,81,"Yes"
"203","Luke Babbitt",26,"NOP",47,13,845,11.6,0.377,0.173,3.2,16.7,9.7,9.6,0.6,0.7,6.9,17.5,107,112,0.8,0.3,1.1,0.064,-0.9,-2,-2.9,-0.2,"Ohio","F","6-9",225,"June 20, 1989","University of Nevada, Reno",1100602,81,"No"
"204","Luol Deng",30,"MIA",74,73,2394,15,0.344,0.258,5.3,15.4,10.5,9,1.6,0.9,8.9,17.4,112,105,3.5,2.8,6.4,0.128,1.3,0.6,1.9,2.3,"South Sudan","F","6-9",220,"April 16, 1985","Duke University",10151612,81,"Yes"
"205","Manu Ginobili",38,"SAS",58,0,1134,17.8,0.411,0.257,2.7,11.7,7.3,23.6,3,0.8,17,23.6,107,98,1.5,2.3,3.8,0.16,2.3,1.3,3.6,1.6,"Argentina","G","6-6",205,"July 28, 1977","",2814000,78,"Yes"
"206","Marc Gasol",31,"MEM",52,52,1791,17.7,0.004,0.347,3.5,20.2,11.5,18.9,1.4,3.6,12.7,23.4,105,106,1.8,1.9,3.7,0.098,-0.7,1.7,1,1.3,"Spain","C","7-1",255,"January 29, 1985","",19688000,85,"Yes"
"207","Marcin Gortat",31,"WAS",75,74,2256,19,0.001,0.271,10.8,26.3,18.4,7.5,1,3.4,12.4,18.9,114,104,4.2,3.1,7.3,0.156,-0.5,1.7,1.2,1.8,"Poland","C-F","6-11",240,"February 17, 1984","",11217391,83,"Yes"
"208","Marco Belinelli",29,"SAC",68,7,1672,9.4,0.468,0.217,0.7,6.9,3.8,11.1,1.1,0.1,10.3,19.7,99,113,0.2,0.3,0.5,0.014,-1.3,-2.9,-4.2,-0.9,"Italy","G-F","6-5",210,"March 25, 1986","",6060606,77,"Yes"
"209","Marcus Smart",21,"BOS",61,10,1667,11.3,0.456,0.314,4.8,11.6,8.1,15.8,2.7,0.8,11.7,17.4,101,103,0.5,2.4,2.9,0.083,-0.6,1.3,0.7,1.1,"Texas","G","6-4",220,"March 6, 1994","Oklahoma State University",3431040,76,"No"
"210","Mario Chalmers",29,"TOT",61,7,1373,17.3,0.336,0.59,1.9,11.5,6.5,26.6,3.3,0.9,16.4,21.9,110,106,2.3,1.5,3.8,0.132,1.8,-0.3,1.5,1.2,"Alaska","G","6-2",190,"May 19, 1986","University of Kansas",4300000,74,"No"
"211","Markieff Morris",26,"TOT",64,45,1629,12.2,0.216,0.205,4.8,19.3,11.9,12.7,1.7,1.7,14.7,24.2,93,106,-1.2,1.7,0.5,0.015,-2.9,0.1,-2.8,-0.3,"Pennsylvania","F","6-10",245,"September 2, 1989","University of Kansas",8e+06,82,"No"
"212","Marreese Speights",28,"GSW",72,0,832,17.1,0.136,0.25,10.6,19.8,15.5,11.4,1.1,3,11.5,29.7,102,103,0.5,1.2,1.8,0.102,-2.9,-1.1,-3.9,-0.4,"Florida","C-F","6-10",255,"August 4, 1987","University of Florida",3815000,82,"No"
"213","Marvin Williams",29,"CHO",81,81,2338,16.8,0.506,0.193,5.9,18.6,12.2,7.6,1.2,2.7,7.1,16.8,118,104,4.7,3.2,7.8,0.161,1.7,1,2.7,2.7,"Washington","F","6-9",237,"June 19, 1986","University of North Carolina",7e+06,81,"No"
"214","Mason Plumlee",25,"POR",82,82,2084,17.2,0.008,0.648,10.4,22.2,16.3,16.2,1.6,3.2,18.8,17.1,112,104,3.4,2.7,6.1,0.14,-0.2,3,2.8,2.5,"Indiana","F","6-11",245,"March 5, 1990","Duke University",1415520,83,"No"
"215","Matt Barnes",35,"MEM",76,45,2190,11.7,0.534,0.199,4.2,18.3,10.9,11.6,1.8,2.4,13.8,17.9,99,107,0.4,2.2,2.6,0.056,-0.4,0.8,0.4,1.3,"California","F","6-7",226,"March 9, 1980","University of California, Los Angeles",3542500,79,"No"
"216","Matthew Dellavedova",25,"CLE",76,14,1867,11.3,0.468,0.129,2,7.8,4.9,26.2,1.2,0.4,17.7,15.9,109,108,2.2,1.6,3.8,0.098,-0.2,-1.4,-1.6,0.2,"Australia","G","6-4",198,"September 8, 1990","Saint Mary's College of California",1147276,76,"Yes"
"217","Maurice Harkless",22,"POR",78,14,1457,13.3,0.341,0.27,7.5,13.3,10.4,6.9,1.7,1.9,11.9,15.6,110,108,1.6,1.3,2.9,0.096,-0.4,0.2,-0.2,0.7,"New York","F-G","6-9",215,"May 11, 1993","St. John's University",2894059,81,"No"
"218","Meyers Leonard",23,"POR",61,10,1333,11.3,0.524,0.106,4.1,21.4,12.8,10.6,0.3,1.1,14.5,17.4,107,109,1.2,1,2.2,0.078,-0.5,-1,-1.5,0.2,"Virginia","C","7-1",245,"February 27, 1992","University of Illinois at Urbana-Champaign",3075880,85,"No"
"219","Michael Carter-Williams",24,"MIL",54,37,1649,13.9,0.099,0.292,3.4,15.7,9.6,26.6,2.5,2.1,19.6,21.3,96,107,-0.4,1.6,1.2,0.035,-1.6,0.9,-0.8,0.5,"Massachusetts","G","6-6",190,"October 10, 1991","Syracuse University",2399040,78,"No"
"220","Michael Kidd-Gilchrist",22,"CHO",7,7,205,16.9,0.115,0.475,6.3,17.8,12,7.3,0.7,1.2,9.8,18,118,106,0.4,0.2,0.6,0.152,-0.7,-0.7,-1.4,0,"Pennsylvania","F","6-7",232,"September 26, 1993","University of Kentucky",6331404,79,"No"
"221","Mike Conley",28,"MEM",56,56,1761,19.4,0.309,0.329,1.6,9.3,5.3,32.7,2,0.8,9.5,22.4,115,110,4.2,1.1,5.3,0.144,3.7,-1.9,1.7,1.7,"Arkansas","G","6-1",175,"October 11, 1987","Ohio State University",9588426,73,"No"
"222","Mike Dunleavy",35,"CHI",31,30,703,9.1,0.527,0.197,1.2,11,6.2,8.1,1,1,11.3,14.4,105,109,0.4,0.5,0.9,0.063,-1.2,-0.9,-2.1,0,"Texas","F-G","6-9",230,"September 15, 1980","Duke University",4500000,81,"No"
"223","Mike Scott",27,"ATL",75,0,1146,14,0.42,0.168,5.2,14.2,9.8,10.5,1.1,1.2,9.4,17.4,112,104,1.7,1.5,3.2,0.132,-0.2,-0.4,-0.6,0.4,"Virginia","F","6-8",237,"July 16, 1988","University of Virginia",3333333,80,"No"
"224","Miles Plumlee",27,"MIL",61,14,870,17.4,0,0.253,12.5,18,15.2,2.9,1.2,4.9,13.4,15.5,115,107,1.4,0.8,2.2,0.124,-1.4,-0.4,-1.8,0,"Indiana","C-F","6-11",249,"September 1, 1988","Duke University",2109294,83,"No"
"225","Mirza Teletovic",30,"PHO",79,1,1686,16.2,0.592,0.199,3.5,16.3,9.7,9.1,0.9,1,9,23.4,111,110,2.9,0.9,3.8,0.109,2.3,-2.7,-0.5,0.7,"Bosnia and Herzegovina","F","6-9",242,"September 18, 1985","",5500000,81,"Yes"
"226","Mitch McGary",23,"OKC",20,0,72,7.4,0.174,0.435,6.4,20.1,13.6,6,0.7,2.1,20.3,20.4,86,106,-0.1,0.1,0,-0.018,-6.2,-1.5,-7.7,-0.1,"Indiana","F","6-10",255,"June 6, 1992","University of Michigan",1463040,82,"No"
"227","Mo Williams",33,"CLE",41,14,748,12.4,0.338,0.139,0.9,9.9,5.4,21.1,1,0.5,15.1,22.8,102,108,0.4,0.7,1.1,0.067,-1.3,-2.1,-3.3,-0.2,"Mississippi","G","6-1",198,"December 19, 1982","University of Alabama",2100000,73,"No"
"228","Monta Ellis",30,"IND",81,81,2734,13.7,0.276,0.202,1.7,9.1,5.4,22.2,2.7,1.1,15.4,21.2,99,103,0.4,3.9,4.3,0.075,-0.6,0.9,0.3,1.6,"Mississippi","G","6-3",185,"October 26, 1985","",10300000,75,"No"
"229","Nene Hilario",33,"WAS",57,11,1094,16.8,0.008,0.482,5.2,21.6,13.2,14.1,2.4,1.9,14,21.6,106,103,1.1,1.6,2.7,0.12,-1.6,1.8,0.2,0.6,"Brazil","F-C","6-11",250,"September 13, 1982","",1.3e+07,83,"Yes"
"230","Nerlens Noel",21,"PHI",67,62,1965,16.2,0.003,0.387,8.2,22.2,15,10.5,2.9,3.9,18.7,18.8,99,103,0.3,2.8,3,0.074,-2.7,3.4,0.7,1.3,"Massachusetts","F-C","6-11",228,"April 10, 1994","University of Kentucky",3457800,83,"No"
"231","Nick Collison",35,"OKC",59,4,699,7.7,0.018,0.303,11.2,15.2,13.3,9.6,1.1,1.7,28.8,10.6,99,107,0.1,0.7,0.8,0.053,-2.5,1.3,-1.2,0.1,"Iowa","F","6-10",255,"October 26, 1980","University of Kansas",3750000,82,"No"
"232","Nick Young",30,"LAL",54,2,1033,9.1,0.637,0.204,1.4,9,5.1,5.4,1.1,0.5,6.9,18.5,98,115,0.1,0,0.1,0.003,-1.4,-3.5,-4.8,-0.7,"California","G-F","6-7",210,"June 1, 1985","University of Southern California",5219169,79,"No"
"233","Nicolas Batum",27,"CHO",70,70,2448,15.6,0.457,0.22,2.4,16.8,9.6,26.9,1.3,1.4,17.6,21.4,104,105,2,2.9,5,0.097,1.1,0.9,2,2.5,"France","F-G","6-8",200,"December 14, 1988","",13125306,80,"Yes"
"234","Nik Stauskas",22,"PHI",73,35,1809,9.2,0.596,0.217,1.3,10,5.5,12,1.2,0.8,13.6,16.7,98,113,0,0.5,0.5,0.012,-1.7,-1.9,-3.6,-0.7,"Canada","G","6-6",205,"October 7, 1993","University of Michigan",2869440,78,"Yes"
"235","Nikola Mirotic",24,"CHI",66,38,1646,15.6,0.568,0.297,3.8,19.1,11.6,9.4,1.8,2,12.9,21.1,107,104,1.8,2.2,3.9,0.115,1.1,0.1,1.2,1.3,"Montenegro","F","6-10",220,"February 11, 1991","",5543725,82,"Yes"
"236","Nikola Pekovic",30,"MIN",12,3,156,6.5,0,0.4,5.3,10.3,7.8,10.7,0.3,0,13.3,19.5,94,115,-0.1,0,-0.1,-0.022,-4.7,-3.5,-8.2,-0.2,"Montenegro","C","6-11",307,"January 3, 1986","",12100000,83,"Yes"
"237","Nikola Vucevic",25,"ORL",65,60,2037,21.1,0.009,0.143,9.3,22.2,15.7,15.9,1.3,2.8,10,26.8,106,105,2.8,2.4,5.2,0.122,0.7,1.1,1.8,2,"Switzerland","C","7-0",260,"October 24, 1990","University of Southern California",11250000,84,"Yes"
"238","Noah Vonleh",20,"POR",78,56,1174,8.6,0.165,0.183,8.4,19.8,14.1,3.7,1.2,1.7,14.3,13,98,107,0,1.1,1.2,0.047,-4,0,-4,-0.6,"Massachusetts","F","6-10",240,"August 24, 1995","Indiana University",2637720,82,"No"
"239","Norris Cole",27,"NOP",45,23,1198,10.8,0.211,0.134,0.9,13.5,7,22,1.5,0.3,12.8,21.7,94,111,-0.6,0.5,-0.1,-0.004,-2.4,-1.4,-3.7,-0.5,"Ohio","G","6-2",175,"October 13, 1988","Cleveland State University",3036927,74,"No"
"240","O.J. Mayo",28,"MIL",41,24,1090,7.7,0.505,0.125,1.4,9.6,5.5,15.8,2.2,0.6,17.5,17,91,110,-0.7,0.6,-0.1,-0.005,-2,-1.5,-3.5,-0.4,"West Virginia","G","6-5",210,"November 5, 1987","University of Southern California",8e+06,77,"No"
"241","Omer Asik",29,"NOP",68,64,1178,11,0,0.574,10.9,28.7,19.5,3.1,0.9,1.6,19.7,11.4,106,108,0.7,1,1.7,0.07,-4,-0.2,-4.2,-0.7,"Turkey","C","7-0",255,"July 4, 1986","",9213483,84,"Yes"
"242","Omri Casspi",27,"SAC",69,21,1880,13.9,0.441,0.256,3.4,20.1,11.8,7.5,1.4,0.7,12,17.8,109,108,2.1,1.5,3.6,0.092,0.3,-0.6,-0.3,0.8,"Israel","F","6-9",225,"June 22, 1988","",2836186,81,"Yes"
"243","Orlando Johnson",26,"TOT",7,1,101,3.6,0.294,0.235,4.2,12.3,8.1,2.7,1.5,2.4,9.6,17.8,74,110,-0.2,0.1,-0.2,-0.087,-8,-2.4,-10.4,-0.2,"California","G","6-5",220,"March 11, 1989","University of California, Santa Barbara",55722,77,"No"
"244","P.J. Hairston",23,"TOT",66,52,1313,6.9,0.591,0.157,2.1,12.8,7.3,4.4,1.2,0.7,8.6,16.4,93,108,-0.6,1.1,0.6,0.021,-2.7,-1.5,-4.2,-0.7,"North Carolina","G-F","6-6",230,"December 24, 1992","University of North Carolina",1201440,78,"No"
"245","P.J. Tucker",30,"PHO",82,80,2540,10.8,0.354,0.244,6.9,15.2,10.9,10.2,2,0.6,14.7,12.7,105,109,1.5,1.9,3.5,0.066,-0.7,1.3,0.6,1.7,"North Carolina","F","6-6",245,"May 5, 1985","University of Texas at Austin",5500000,78,"No"
"246","Pablo Prigioni",38,"LAC",59,3,823,10.2,0.646,0.054,5.1,9.9,7.5,21.8,3.2,0.1,24.6,11,103,104,0.3,1.1,1.5,0.087,-1.1,1.5,0.4,0.5,"Argentina","G","6-3",185,"May 17, 1977","",947726,75,"Yes"
"247","Patrick Beverley",27,"HOU",71,63,2041,13,0.522,0.148,3.9,9.6,6.8,17.9,2.3,1.1,12.6,15.3,114,110,3.1,1.3,4.4,0.102,1.4,-0.3,1.1,1.6,"Illinois","G","6-1",185,"July 12, 1988","University of Arkansas",6486486,73,"No"
"248","Patrick Patterson",26,"TOR",79,0,2020,10.6,0.594,0.069,4.4,14.8,9.7,7.1,1.4,1.3,11.3,12.9,108,107,1.6,2,3.6,0.086,0.4,0.6,1,1.5,"District of Columbia","F","6-9",235,"March 14, 1989","University of Kentucky",6268675,81,"No"
"249","Pau Gasol",35,"CHI",72,72,2291,21.7,0.069,0.29,7.3,28.7,18.2,21.7,0.9,4.7,12.8,24.6,107,101,3.2,3.9,7.1,0.149,0.5,3.5,4,3.5,"Spain","F-C","7-0",250,"July 6, 1980","",7448760,84,"Yes"
"250","Paul George",25,"IND",81,81,2819,20.9,0.391,0.364,3.1,18.7,10.9,20.3,2.7,0.8,13.6,30.4,106,101,4.4,4.8,9.2,0.157,3.5,1,4.5,4.6,"California","F","6-9",220,"May 2, 1990","California State University, Fresno",17120106,81,"No"
"251","Paul Millsap",30,"ATL",81,81,2647,21.3,0.218,0.383,8.4,21.5,15.1,16.4,2.7,4.1,13.3,24.3,108,96,4.1,6,10.1,0.183,1.1,4.2,5.3,4.9,"Louisiana","F","6-8",246,"February 10, 1985","Louisiana Tech University",18671659,80,"No"
"252","Paul Pierce",38,"LAC",68,38,1231,8.2,0.61,0.166,1.1,15.2,8.2,8.5,1.3,1.1,12,17.8,93,105,-0.6,1.4,0.9,0.033,-2.5,-0.3,-2.8,-0.3,"California","F-G","6-7",235,"October 13, 1977","University of Kansas",3376000,79,"No"
"253","Phil Pressey",24,"TOT",23,0,283,10.6,0.231,0.321,1.1,11.1,6,40.7,3.1,1.1,27,18.7,88,107,-0.4,0.3,-0.1,-0.017,-4.8,-1.5,-6.4,-0.3,"Texas","G","5-11",175,"February 17, 1991","University of Missouri",55722,71,"No"
"254","Rajon Rondo",29,"SAC",72,72,2537,16.9,0.217,0.192,3.3,15.2,9.3,48,2.7,0.3,24.7,18.8,105,107,2.3,2.3,4.6,0.087,0.8,0.2,1,1.9,"Kentucky","G","6-1",186,"February 22, 1986","University of Kentucky",9500000,73,"No"
"255","Ramon Sessions",29,"WAS",82,5,1667,15.9,0.188,0.478,1.6,12.2,6.8,22,1.3,0.2,13.8,21.8,109,109,2.5,1.3,3.8,0.109,-0.3,-1.5,-1.8,0.1,"South Carolina","G","6-3",190,"April 11, 1986","University of Nevada, Reno",2170465,75,"No"
"256","Randy Foye",32,"TOT",81,8,1642,7.6,0.519,0.154,1.6,8.8,5.2,14.1,1.2,1.4,14.3,15.9,95,111,-0.4,0.9,0.4,0.012,-2.3,-1.3,-3.6,-0.6,"New Jersey","G","6-4",213,"September 24, 1983","Villanova University",3135000,76,"No"
"257","Rasual Butler",36,"SAS",46,0,432,13.4,0.471,0.154,0.8,13.5,7.4,7.7,1.5,4.1,6.7,12.6,112,98,0.4,0.9,1.3,0.146,-0.9,2.7,1.8,0.4,"Pennsylvania","G-F","6-7",215,"May 23, 1979","La Salle University",947276,79,"No"
"258","Raymond Felton",31,"DAL",80,31,2192,11.9,0.312,0.258,1.8,11.1,6.5,20.3,1.6,0.6,13.7,18.4,102,108,1,1.7,2.7,0.059,-1.1,0.2,-0.9,0.6,"South Carolina","G","6-1",205,"June 26, 1984","University of North Carolina",3950313,73,"No"
"259","Reggie Bullock",24,"DET",37,0,429,12,0.541,0.153,3.4,14.3,8.6,9.2,1.2,0.4,7.1,11.4,125,107,0.8,0.4,1.2,0.134,0,0,0,0.2,"Maryland","G-F","6-7",205,"March 16, 1991","University of North Carolina",1252440,79,"No"
"260","Reggie Jackson",25,"DET",79,79,2424,19.6,0.268,0.271,2.5,9.1,5.7,36.3,1.2,0.3,13.8,29.1,109,108,4.9,1.9,6.9,0.136,3.9,-1.6,2.3,2.6,"Italy","G","6-3",208,"April 16, 1990","Boston College",13913044,75,"Yes"
"261","Ricky Rubio",25,"MIN",76,76,2323,17.6,0.324,0.536,2,14.1,8.2,41.4,3.5,0.4,21,17.7,110,107,3.6,2.2,5.8,0.119,1.8,0.1,1.9,2.3,"Spain","G","6-4",194,"October 21, 1990","",12700000,76,"Yes"
"262","Robert Covington",25,"PHI",67,49,1903,13.2,0.677,0.249,3.6,20.9,12,8.4,2.7,1.6,15.3,21.5,97,106,-0.1,2.1,2,0.05,-0.2,0,-0.2,0.9,"Illinois","F","6-9",215,"December 14, 1990","Tennessee State University",1e+06,81,"No"
"263","Robert Sacre",26,"LAL",25,1,320,10.4,0,0.507,10.4,13.9,12.1,6.9,0.6,2.5,11.6,14.3,104,113,0.2,0.1,0.3,0.04,-3.5,-0.8,-4.3,-0.2,"Louisiana","C","7-0",270,"June 6, 1989","Gonzaga University",981348,84,"No"
"264","Robin Lopez",27,"NYK",82,82,2219,17.6,0.002,0.243,13.4,16.2,14.8,8.5,0.4,4.4,15.4,17.7,113,107,3.7,2.1,5.8,0.126,0.1,1.3,1.4,1.9,"California","C","7-0",255,"April 1, 1988","Stanford University",12650000,84,"No"
"265","Rodney Hood",23,"UTA",79,79,2541,14.1,0.462,0.206,1.8,10.5,6.1,14.4,1.5,0.5,10.5,21.5,109,107,3.4,2.5,6,0.112,1.6,-0.9,0.7,1.7,"Mississippi","G-F","6-8",206,"October 20, 1992","Duke University",1348440,80,"No"
"266","Rodney Stuckey",29,"IND",58,1,1275,12.6,0.187,0.357,1.6,11.7,6.7,17.2,1.7,0.5,12.9,20.3,101,105,0.5,1.5,2,0.077,-2.1,-0.3,-2.5,-0.2,"Washington","G","6-5",205,"April 21, 1986","Eastern Washington University",7e+06,77,"No"
"267","Roy Hibbert",29,"LAL",81,81,1878,11.2,0.005,0.353,7.3,15.8,11.4,8,0.9,4.6,13.8,12.9,105,110,1.1,1,2.2,0.056,-3.1,1.9,-1.3,0.3,"New York","C","7-2",270,"December 11, 1986","Georgetown University",15592217,86,"No"
"268","Rudy Gay",29,"SAC",70,70,2379,15.5,0.214,0.252,4.7,15.9,10.4,8,2,1.7,11.1,22.4,104,108,1.8,2.1,3.8,0.078,-0.4,0.1,-0.4,1,"Maryland","F","6-8",230,"August 17, 1986","University of Connecticut",12403101,80,"No"
"269","Rudy Gobert",23,"UTA",61,60,1932,17.5,0,0.799,12.6,27.7,20.2,7.4,1.2,5.9,19.2,14.2,112,99,2.6,3.8,6.4,0.16,-1.1,4.8,3.7,2.8,"France","C","7-1",245,"June 26, 1992","",1175880,85,"Yes"
"270","Russ Smith",24,"MEM",15,0,66,10.5,0.227,0.591,1.7,14.4,7.8,25.4,3.9,1.4,20.2,23.6,83,104,-0.1,0.1,-0.1,-0.041,-5,0.3,-4.8,0,"New York","G","6-0",165,"April 19, 1991","University of Louisville",845059,72,"No"
"271","Russell Westbrook",27,"OKC",80,80,2750,27.6,0.236,0.397,6.1,18.1,12.4,49.6,2.9,0.6,16.8,31.6,115,103,10,4,14,0.245,7.6,2.4,10,8.3,"California","G","6-3",200,"November 12, 1988","University of California, Los Angeles",16744218,75,"No"
"272","Ryan Anderson",27,"NOP",66,7,2008,17.2,0.385,0.245,7,15.2,10.9,6.1,0.9,1,8,24.7,108,112,3.1,0.8,3.9,0.092,1.5,-2.9,-1.4,0.3,"California","F","6-10",240,"May 6, 1988","University of California",8500000,82,"No"
"273","Ryan Hollins",31,"TOT",37,12,460,12.3,0,0.532,11.2,13.2,12.1,3.3,0.7,4.2,19.8,11.8,116,109,0.6,0.3,1,0.1,-2,0.2,-1.8,0,"California","C","7-0",240,"October 10, 1984","University of California, Los Angeles",239605,84,"No"
"274","Ryan Kelly",24,"LAL",36,0,470,10.3,0.248,0.362,4.6,23.7,13.8,6.9,1.4,1.7,9.4,17.9,93,109,-0.3,0.3,0.1,0.005,-4.9,-1.1,-6,-0.5,"New York","F","6-11",230,"April 9, 1991","Duke University",1724250,83,"No"
"275","Sean Kilpatrick",26,"TOT",31,0,616,15.6,0.422,0.248,2.1,8.2,5.1,8,1,0.3,9.4,23.8,110,115,1,0,1,0.076,1.4,-4.4,-3,-0.2,"New York","G","6-4",210,"January 6, 1990","University of Cincinnati",99418,76,"No"
"276","Serge Ibaka",26,"OKC",78,78,2500,13.9,0.212,0.139,6.5,16.2,11.6,3.9,0.8,4.5,10.5,17.6,108,105,2.5,3,5.5,0.105,-1.1,1,-0.1,1.2,"Republic of the Congo","F","6-10",245,"September 18, 1989","",12250000,82,"Yes"
"277","Sergey Karasev",22,"BRK",40,5,399,8.5,0.5,0.378,2.2,14.3,8.2,12.2,0.8,0.4,20.3,12.1,105,114,0.2,0.1,0.3,0.031,-2.4,-1.7,-4.2,-0.2,"Russian Federation","G-F","6-7",208,"October 26, 1993","",1599840,79,"Yes"
"278","Shabazz Muhammad",23,"MIN",82,0,1682,15.2,0.223,0.355,7,11.4,9.2,5.2,0.7,0.3,8.2,22.8,110,114,2.6,0.2,2.7,0.077,0,-4.2,-4.2,-0.9,"California","G-F","6-6",223,"November 13, 1992","University of California, Los Angeles",2056920,78,"No"
"279","Shabazz Napier",24,"ORL",55,0,600,9.6,0.517,0.224,1.6,8.6,5.1,23.1,1.9,0.1,17.2,19.7,93,109,-0.3,0.4,0.1,0.004,-2.3,-2.6,-4.9,-0.4,"Massachusetts","G","6-1",175,"July 14, 1991","University of Connecticut",1294440,73,"No"
"280","Shane Larkin",23,"BRK",78,17,1751,13.3,0.215,0.213,1.8,9.9,5.8,29.3,2.7,0.6,21,17.7,100,110,0.5,1,1.4,0.039,-1.2,-1,-2.2,-0.1,"Ohio","G","5-11",175,"October 2, 1992","University of Miami",1500000,71,"No"
"281","Shaun Livingston",30,"GSW",78,3,1520,13.8,0.032,0.245,3.2,8.5,6,21,1.8,1.3,15.7,14.2,119,106,2.9,1.7,4.6,0.145,-0.6,0.1,-0.5,0.6,"Illinois","G","6-7",182,"September 11, 1985","",5543725,79,"No"
"282","Shelvin Mack",25,"TOT",52,27,1058,13.6,0.301,0.147,1.4,12.5,7,30.6,1.7,0.2,17.7,23.3,99,106,0.2,1.2,1.3,0.061,-0.5,-0.8,-1.2,0.2,"Kentucky","G","6-3",203,"April 22, 1990","Butler University",2433333,75,"No"
"283","Solomon Hill",24,"IND",59,3,866,12.2,0.356,0.202,4.9,15.9,10.5,9.6,2.1,1,12.7,13.2,110,103,0.8,1.3,2.1,0.117,-1.3,1.3,0,0.4,"California","F","6-7",225,"March 18, 1991","University of Arizona",1358880,79,"No"
"284","Spencer Hawes",27,"CHO",57,6,1035,12.4,0.333,0.212,5.3,20.6,12.9,16.3,1.1,2.1,14.8,17.1,103,104,0.6,1.4,1.9,0.09,-1.9,1.3,-0.6,0.4,"Washington","C-F","7-1",245,"April 28, 1988","University of Washington",6110034,85,"No"
"285","Stephen Curry",27,"GSW",79,79,2700,31.5,0.554,0.25,2.9,13.6,8.6,33.7,3,0.4,12.9,32.6,125,103,13.8,4.1,17.9,0.318,12.4,0.1,12.5,9.8,"Ohio","G","6-3",185,"March 14, 1988","Davidson College",11370786,75,"No"
"286","Steve Blake",35,"DET",58,2,986,9.8,0.629,0.083,1,9.2,4.9,29.5,1.2,0.4,24.6,14.6,101,108,0.3,0.8,1.1,0.053,-1.8,-1.8,-3.5,-0.4,"Florida","G","6-3",172,"February 26, 1980","University of Maryland",2170465,75,"No"
"287","Steve Novak",32,"TOT",10,0,44,14.4,0.833,0.056,0,12,6.2,0,0,0,5.1,19.2,122,113,0.1,0,0.1,0.121,1.3,-8,-6.6,-0.1,"Illinois","F","6-10",225,"June 13, 1983","Marquette University",295327,82,"No"
"288","Steven Adams",22,"OKC",80,80,2014,15.5,0,0.46,12.5,16.1,14.4,4.3,1,3.3,14.1,12.6,123,105,4.2,2.3,6.5,0.155,0.8,1.3,2.1,2.1,"New zealand","C","7-0",255,"July 20, 1993","University of Pittsburgh",2279040,84,"Yes"
"289","T.J. Warren",22,"PHO",47,4,1070,15.7,0.159,0.145,5.7,9.3,7.5,7.2,1.7,1.2,6.4,19.9,112,110,1.7,0.6,2.2,0.101,0.2,-1.3,-1.2,0.2,"North Carolina","F","6-8",230,"September 5, 1993","North Carolina State University",2041080,80,"No"
"290","Terrence Jones",24,"HOU",50,11,1044,13.5,0.215,0.316,6.5,15.9,11.1,6.3,1.1,3.1,10.5,19.3,104,109,0.8,0.7,1.5,0.068,-2.4,-1,-3.4,-0.4,"Oregon","F","6-9",252,"January 9, 1992","University of Kentucky",2489530,81,"No"
"291","Terrence Ross",24,"TOR",73,7,1747,12.9,0.542,0.099,1.4,10.6,6.1,5.3,1.6,1.2,6.6,18.2,110,107,2.1,1.6,3.6,0.1,1.1,-1.2,-0.2,0.8,"Oregon","F-G","6-7",195,"February 5, 1991","University of Washington",3553917,79,"No"
"292","Thabo Sefolosha",31,"ATL",75,11,1758,12.4,0.333,0.266,3.3,17.1,10.4,8.8,2.4,1.7,14.1,12.3,108,100,1.3,3.2,4.5,0.122,-1.7,2.8,1.1,1.4,"Switzerland","G-F","6-7",220,"May 2, 1984","",4e+06,79,"Yes"
"293","Thaddeus Young",27,"BRK",73,73,2407,17.5,0.031,0.169,8.1,23,15.4,9.5,2.3,1.2,11.6,21.6,104,107,1.9,2.2,4.1,0.081,-0.5,0.6,0.1,1.3,"Louisiana","F","6-8",221,"June 21, 1988","Georgia Institute of Technology",11235955,80,"No"
"294","Tiago Splitter",31,"ATL",36,2,579,13.7,0.013,0.31,8.7,13.8,11.3,7.9,1.7,1.6,12,15.5,113,102,0.9,0.9,1.7,0.144,-1.9,1.1,-0.8,0.2,"Brazil","F-C","6-11",245,"January 1, 1985","",9756250,83,"Yes"
"295","Tim Duncan",39,"SAS",61,60,1536,16.9,0.005,0.297,8.8,23.8,16.6,15.3,1.6,3.9,15.3,17.6,107,96,1.6,3.6,5.2,0.163,-0.8,5,4.1,2.4,"U.S. Virgin Islands","F-C","6-11",250,"April 25, 1976","Wake Forest University",5250000,83,"No"
"296","Timofey Mozgov",29,"CLE",76,48,1326,14.6,0.019,0.265,9.5,19.2,14.4,3.9,0.9,3.5,15,16.1,112,103,1.8,1.9,3.7,0.133,-2.2,1,-1.2,0.3,"Russian Federation","C","7-1",275,"July 16, 1986","",4950000,85,"Yes"
"297","Tobias Harris",23,"TOT",76,74,2513,16.2,0.269,0.273,4.1,18.6,11.2,10.6,1.3,1.3,9.8,19.3,112,107,4.1,2.5,6.6,0.126,0.7,0.4,1,1.9,"New York","F","6-9",235,"July 15, 1992","University of Tennessee",1.6e+07,81,"No"
"298","Toney Douglas",29,"NOP",61,18,1262,14.7,0.456,0.222,2.1,10.7,6.3,19.1,2.8,0.3,11.6,19.4,108,109,1.6,0.9,2.5,0.094,1.4,-0.9,0.5,0.8,"Georgia","G","6-2",195,"March 16, 1986","Florida State University",1164858,74,"No"
"299","Tony Allen",34,"MEM",64,57,1620,12.9,0.09,0.294,7,14.1,10.4,6.9,3.5,1,12.8,16.8,101,105,0.5,1.9,2.4,0.072,-1.5,1.4,-0.1,0.8,"Illinois","G-F","6-4",213,"January 11, 1982","Oklahoma State University",5158539,76,"No"
"300","Tony Parker",33,"SAS",72,72,1980,16.2,0.092,0.241,1,8.8,5.1,29.1,1.4,0.4,14.3,21.2,109,103,2.9,2.9,5.8,0.142,0.4,-0.3,0.1,1,"Belgium","G","6-2",185,"May 17, 1982","",13437500,74,"Yes"
"301","Tony Snell",24,"CHI",64,33,1301,6.4,0.457,0.097,1.6,14.3,8.1,6.9,0.6,1,12.8,13.7,93,109,-0.5,1,0.4,0.016,-3.4,-0.7,-4.1,-0.7,"California","G-F","6-7",200,"November 10, 1991","University of New Mexico",1535880,79,"No"
"302","Tony Wroten",22,"PHI",8,3,144,1.8,0.262,0.569,1.5,14.9,7.9,23.3,1,0,26.3,33.5,70,112,-0.8,0,-0.8,-0.263,-9.9,-3.5,-13.4,-0.4,"Washington","G","6-6",205,"April 13, 1993","University of Washington",2179353,78,"No"
"303","Trevor Ariza",30,"HOU",81,81,2859,12.9,0.581,0.187,2.6,11.6,7.1,10,2.8,0.8,10.8,15.7,110,108,3.1,2.3,5.4,0.09,1.2,0.3,1.5,2.5,"California","F","6-8",215,"June 30, 1985","University of California, Los Angeles",8193030,80,"No"
"304","Trevor Booker",28,"UTA",79,2,1632,14.4,0.106,0.273,11.9,20.4,16.2,8.2,1.9,2.1,15.7,14.6,109,102,1.8,2.6,4.3,0.128,-0.9,2.3,1.4,1.4,"South Carolina","F","6-8",228,"November 25, 1987","Clemson University",4775000,80,"No"
"305","Trey Burke",23,"UTA",64,0,1366,14,0.404,0.129,1.5,8,4.8,19.7,1.4,0.4,10.7,25.3,102,108,0.9,1.2,2.1,0.074,0.4,-2.5,-2,0,"Ohio","G","6-1",191,"November 12, 1992","University of Michigan",2658240,73,"No"
"306","Tristan Thompson",24,"CLE",82,34,2269,15.9,0,0.576,13.5,23.3,18.4,4,0.9,1.8,10.4,11.7,130,104,5.6,3.1,8.7,0.185,0.2,1.3,1.5,2,"Canada","F-C","6-9",238,"March 13, 1991","University of Texas at Austin",14260870,81,"Yes"
"307","Troy Daniels",24,"CHO",43,0,476,14.9,0.652,0.048,1.6,11.6,6.5,7.6,1.2,0.5,11.2,20.4,110,107,0.6,0.4,1.1,0.11,1.6,-2.7,-1.1,0.1,"Virginia","G","6-4",205,"July 15, 1991","Virginia Commonwealth University",947276,76,"No"
"308","Ty Lawson",28,"TOT",66,13,1411,9.7,0.305,0.243,2,7.4,4.7,24.6,1.9,0.4,19.5,14.9,100,111,0.2,0.7,0.9,0.031,-2.7,-2,-4.6,-0.9,"Maryland","G","5-11",195,"November 3, 1987","University of North Carolina",12404495,71,"No"
"309","Tyler Ennis",21,"MIL",46,7,654,10.7,0.209,0.182,2.3,10.7,6.6,21.9,1.9,0.1,18.6,17.1,99,111,0.1,0.3,0.4,0.03,-2.4,-2.3,-4.8,-0.5,"Canada","G","6-3",194,"August 24, 1994","Syracuse University",1662360,75,"Yes"
"310","Tyler Hansbrough",30,"CHO",44,0,343,12.5,0.042,0.915,12.6,15.8,14.2,3.5,1.8,1.7,10.8,14.7,113,104,0.5,0.5,1,0.134,-2.6,-0.1,-2.7,-0.1,"Missouri","F","6-9",250,"November 3, 1985","University of North Carolina",947276,81,"No"
"311","Tyler Johnson",23,"MIA",36,5,863,13.8,0.292,0.263,3.8,10.3,7.2,13.9,1.4,1.2,14.8,16.8,111,107,1.2,0.9,2,0.113,0.4,0,0.4,0.5,"North Dakota","G","6-4",186,"May 7, 1992","California State University, Fresno",845059,76,"No"
"312","Tyler Zeller",26,"BOS",60,3,710,15.4,0,0.372,9.1,17.6,13.3,6.6,0.7,2.4,12,23,106,105,0.8,0.9,1.7,0.114,-3.2,-1.1,-4.4,-0.4,"California","F-C","7-0",253,"January 17, 1990","University of North Carolina",2616975,84,"No"
"313","Tyreke Evans",26,"NOP",25,25,765,17.9,0.271,0.296,2.8,16.4,9.3,34.6,2.1,0.9,17.1,24.7,105,109,0.8,0.6,1.4,0.087,1.7,0,1.7,0.7,"Pennsylvania","G-F","6-6",220,"September 19, 1989","University of Memphis",10734586,78,"No"
"314","Tyson Chandler",33,"PHO",66,60,1618,14.7,0.003,0.545,11.5,27.5,19.3,6,1.1,2.2,19.3,12.7,114,107,2.1,1.6,3.8,0.112,-1.9,1.3,-0.5,0.6,"California","C","7-1",240,"October 2, 1982","",1.3e+07,85,"No"
"315","Udonis Haslem",35,"MIA",37,0,260,9.1,0.148,0.262,4.5,27.4,16.3,7.6,1,0.6,6.8,12.8,99,103,0,0.4,0.4,0.072,-4.6,0.1,-4.5,-0.2,"Florida","F","6-8",235,"June 9, 1980","University of Florida",2854940,80,"No"
"316","Victor Oladipo",23,"ORL",72,52,2379,16.7,0.291,0.255,2.2,14,8,18.6,2.4,1.9,12.4,22.9,105,106,2.2,2.7,4.9,0.099,1,0.8,1.8,2.3,"Maryland","G","6-4",210,"May 4, 1992","Indiana University",5192520,76,"No"
"317","Vince Carter",39,"MEM",60,3,1005,12.7,0.493,0.245,3.4,13.6,8.3,8.9,1.9,1.5,8.4,18.5,107,108,1,0.8,1.8,0.084,-0.1,-1.2,-1.2,0.2,"Florida","G-F","6-6",220,"January 26, 1977","University of North Carolina",4088019,78,"No"
"318","Wayne Ellington",28,"BRK",76,41,1615,10.1,0.478,0.112,1.4,10.9,6.1,7.8,1.5,0.3,7.1,17.5,101,113,0.5,0.3,0.8,0.025,-0.9,-2.3,-3.2,-0.5,"Pennsylvania","G","6-4",200,"October 29, 1987","University of North Carolina",1500000,76,"No"
"319","Wesley Johnson",28,"LAC",80,9,1666,11,0.6,0.089,2.5,13.6,8.1,4.4,2.7,2.6,9.2,16,98,102,0,2.7,2.6,0.076,-1.3,1.8,0.5,1,"Texas","F-G","6-7",215,"July 11, 1987","Syracuse University",1100602,79,"No"
"320","Will Barton",25,"DEN",82,1,2353,16,0.331,0.273,2.7,20,11.2,14.4,1.5,1.3,11.2,23,105,108,2.4,1.9,4.3,0.088,0.3,-0.4,-0.1,1.1,"Maryland","G","6-6",175,"January 6, 1991","University of Memphis",3533333,78,"No"
"321","Zach LaVine",20,"MIN",82,33,2294,14.3,0.33,0.212,1.4,10.1,5.8,18.6,1.5,0.6,12.9,23.5,104,112,1.9,0.7,2.6,0.054,1,-2.4,-1.4,0.3,"Washington","G","6-5",189,"March 10, 1995","University of California, Los Angeles",2148360,77,"No"
"322","Zach Randolph",34,"MEM",68,53,2016,18.3,0.029,0.238,9.7,20.7,15,12.9,1.1,0.6,9.5,24.6,107,109,2.8,1.5,4.3,0.103,0.3,-1.1,-0.8,0.6,"Indiana","F","6-9",260,"July 16, 1981","Michigan State University",9638555,81,"No"
"323","Zaza Pachulia",31,"DAL",76,69,2004,16.2,0.006,0.587,13.7,25.7,19.7,9.7,1.6,0.9,16.8,16.2,113,104,3.4,2.7,6,0.145,-0.8,2.2,1.4,1.7,"Georgia","C","6-11",270,"February 10, 1984","",5200000,83,"No"
